{
  "vocab_size": 12,
  "step": 12400,
  "steps_for_plot": [
    0,
    200,
    400,
    600,
    800,
    1000,
    1200,
    1400,
    1600,
    1800,
    2000,
    2200,
    2400,
    2600,
    2800,
    3000,
    3200,
    3400,
    3600,
    3800,
    4000,
    4200,
    4400,
    4600,
    4800,
    5000,
    5200,
    5400,
    5600,
    5800,
    6000,
    6200,
    6400,
    6600,
    6800,
    7000,
    7200,
    7400,
    7600,
    7800,
    8000,
    8200,
    8400,
    8600,
    8800,
    9000,
    9200,
    9400,
    9600,
    9800,
    10000,
    10200,
    10400,
    10600,
    10800,
    11000,
    11200,
    11400,
    11600,
    11800,
    12000,
    12200,
    12400
  ],
  "train_loss_history": [
    2.7834198474884033,
    2.4152915477752686,
    2.360837697982788,
    2.3513169288635254,
    2.3514630794525146,
    2.373216152191162,
    2.353125810623169,
    2.318826198577881,
    2.2527668476104736,
    2.1985998153686523,
    2.189777135848999,
    2.169480085372925,
    2.177563428878784,
    2.2011802196502686,
    2.173945665359497,
    2.169727325439453,
    2.180032730102539,
    2.1804027557373047,
    2.1692702770233154,
    2.196457624435425,
    2.1719560623168945,
    2.1696856021881104,
    2.1613030433654785,
    2.179060459136963,
    2.1871862411499023,
    2.164938449859619,
    2.16562557220459,
    2.190521478652954,
    2.1693782806396484,
    2.1851470470428467,
    2.1612491607666016,
    2.1697158813476562,
    2.205842971801758,
    2.1836743354797363,
    2.1647934913635254,
    2.1657614707946777,
    2.163567543029785,
    2.1903090476989746,
    2.1622443199157715,
    2.1555962562561035,
    2.1782586574554443,
    2.110274076461792,
    2.1362178325653076,
    2.119145393371582,
    2.086019515991211,
    2.104912281036377,
    2.05833101272583,
    2.0852291584014893,
    2.050396203994751,
    2.0671634674072266,
    2.021482229232788,
    2.0257680416107178,
    1.9897189140319824,
    1.979108452796936,
    1.9386374950408936,
    1.959753155708313,
    1.9598667621612549,
    1.9050571918487549,
    1.9141099452972412,
    1.9017442464828491,
    1.9185675382614136,
    1.8900073766708374,
    1.9269932508468628
  ],
  "val_loss_history": [
    2.80338191986084,
    2.4091408252716064,
    2.3584659099578857,
    2.357017755508423,
    2.3571889400482178,
    2.344680070877075,
    2.3551645278930664,
    2.3257696628570557,
    2.2182095050811768,
    2.1919219493865967,
    2.1598358154296875,
    2.16790771484375,
    2.175896644592285,
    2.1797258853912354,
    2.1637003421783447,
    2.1604294776916504,
    2.1632802486419678,
    2.1930325031280518,
    2.176206588745117,
    2.1730573177337646,
    2.184697389602661,
    2.1676928997039795,
    2.19456148147583,
    2.185439348220825,
    2.180860757827759,
    2.179043769836426,
    2.210439920425415,
    2.1686177253723145,
    2.171234369277954,
    2.178727865219116,
    2.194373846054077,
    2.17319655418396,
    2.171734094619751,
    2.185661554336548,
    2.175156354904175,
    2.183577537536621,
    2.1652159690856934,
    2.200003147125244,
    2.173382520675659,
    2.2036707401275635,
    2.194007635116577,
    2.1003267765045166,
    2.129920721054077,
    2.1300902366638184,
    2.1112940311431885,
    2.091280937194824,
    2.089128255844116,
    2.0773749351501465,
    2.0616233348846436,
    2.075735092163086,
    2.059699296951294,
    2.0214524269104004,
    1.968743085861206,
    1.9708842039108276,
    1.9717031717300415,
    1.9441035985946655,
    1.9157729148864746,
    1.9081757068634033,
    1.9045580625534058,
    1.8892306089401245,
    1.9063612222671509,
    1.925382137298584,
    1.950218915939331
  ],
  "rule_error_history": [
    0.8461538461538461,
    0.9056603773584906,
    0.8777777777777778,
    0.8557692307692307,
    0.8631578947368421,
    0.8181818181818182,
    0.8288288288288288,
    0.8173913043478261,
    0.8346456692913385,
    0.8707482993197279,
    0.7352941176470589,
    0.751937984496124,
    0.7741935483870968,
    0.8307692307692308,
    0.784,
    0.8309859154929577,
    0.8625954198473282,
    0.8306451612903226,
    0.792,
    0.8256880733944955,
    0.8211382113821138,
    0.7786885245901639,
    0.872,
    0.7943262411347518,
    0.8,
    0.808,
    0.8145161290322581,
    0.7142857142857143,
    0.7642276422764228,
    0.8015267175572519,
    0.7931034482758621,
    0.856,
    0.7686567164179104,
    0.7183098591549296,
    0.7555555555555555,
    0.823076923076923,
    0.8203125,
    0.7801418439716312,
    0.7910447761194029,
    0.7786259541984732,
    0.7518248175182481,
    0.7166666666666667,
    0.7246376811594203,
    0.7099236641221374,
    0.6503496503496503,
    0.6198347107438017,
    0.6929133858267716,
    0.7054263565891473,
    0.6384615384615384,
    0.6119402985074627,
    0.5939849624060151,
    0.5363636363636364,
    0.48120300751879697,
    0.4626865671641791,
    0.3879310344827586,
    0.27350427350427353,
    0.25,
    0.24817518248175183,
    0.23622047244094488,
    0.25874125874125875,
    0.30327868852459017,
    0.12781954887218044,
    0.14782608695652175
  ],
  "model_config": {
    "n_embd": 2,
    "block_size": 8,
    "num_heads": 1,
    "head_size": 2
  },
  "eval_interval": 200,
  "generated_sequences_e0": [
    [
      5,
      3,
      1,
      3,
      0,
      6,
      5,
      4,
      1,
      8,
      10,
      6,
      7,
      2,
      7,
      10,
      5,
      4,
      5,
      4,
      4,
      5,
      9,
      1,
      6,
      5,
      1,
      1,
      1,
      2,
      10,
      4,
      1
    ],
    [
      4,
      10,
      4,
      1,
      "+",
      4,
      1,
      5,
      0,
      1,
      9,
      0,
      10,
      2,
      4,
      5,
      6,
      3,
      2,
      3,
      10,
      6,
      4,
      4,
      6,
      5,
      5,
      8,
      8,
      1,
      6
    ],
    [
      10,
      3,
      7,
      1,
      10,
      0,
      1,
      4,
      1,
      6,
      10,
      4,
      3,
      3,
      6,
      5,
      5,
      3,
      1,
      3,
      4,
      6,
      1,
      5,
      1,
      2,
      6,
      4,
      3
    ],
    [
      2,
      4,
      1,
      6,
      4,
      5,
      4,
      1,
      "+",
      3,
      1,
      "+",
      2,
      6,
      2,
      5,
      4,
      8,
      8,
      4,
      5,
      5,
      "+"
    ],
    [
      5,
      1,
      0,
      7,
      0,
      1,
      1,
      0,
      1,
      5,
      8,
      3,
      3,
      7,
      3,
      1,
      4,
      "+",
      6,
      6,
      1,
      5,
      4,
      5
    ]
  ]
}