{
  "vocab_size": 12,
  "step": 13200,
  "steps_for_plot": [
    0,
    200,
    400,
    600,
    800,
    1000,
    1200,
    1400,
    1600,
    1800,
    2000,
    2200,
    2400,
    2600,
    2800,
    3000,
    3200,
    3400,
    3600,
    3800,
    4000,
    4200,
    4400,
    4600,
    4800,
    5000,
    5200,
    5400,
    5600,
    5800,
    6000,
    6200,
    6400,
    6600,
    6800,
    7000,
    7200,
    7400,
    7600,
    7800,
    8000,
    8200,
    8400,
    8600,
    8800,
    9000,
    9200,
    9400,
    9600,
    9800,
    10000,
    10200,
    10400,
    10600,
    10800,
    11000,
    11200,
    11400,
    11600,
    11800,
    12000,
    12200,
    12400,
    12600,
    12800,
    13000,
    13200
  ],
  "train_loss_history": [
    2.5834195613861084,
    2.3632280826568604,
    2.3283157348632812,
    2.283123254776001,
    2.18111252784729,
    2.1957497596740723,
    2.1607587337493896,
    2.190934181213379,
    2.1766467094421387,
    2.1411361694335938,
    2.1476552486419678,
    2.1183059215545654,
    2.124319553375244,
    2.121159076690674,
    2.1028177738189697,
    2.0964515209198,
    2.077620029449463,
    2.085304021835327,
    2.1240012645721436,
    2.091844081878662,
    2.1227145195007324,
    2.0960564613342285,
    2.124340057373047,
    2.1294634342193604,
    2.0850014686584473,
    2.124358892440796,
    2.088406562805176,
    2.0725278854370117,
    2.087249994277954,
    2.052412509918213,
    2.0953705310821533,
    2.061323404312134,
    2.0560426712036133,
    2.018623113632202,
    2.012019157409668,
    2.038386106491089,
    1.981225609779358,
    1.9917160272598267,
    2.0104854106903076,
    2.0364699363708496,
    1.990351915359497,
    1.9786354303359985,
    1.9734501838684082,
    2.0285749435424805,
    2.010648012161255,
    1.9795172214508057,
    1.9709405899047852,
    1.9593024253845215,
    1.9732651710510254,
    1.9730596542358398,
    1.9325332641601562,
    1.9385156631469727,
    1.9710149765014648,
    1.947746753692627,
    1.9512677192687988,
    1.9169296026229858,
    1.9872825145721436,
    1.9256491661071777,
    2.0037410259246826,
    1.9313844442367554,
    1.958646297454834,
    1.9623812437057495,
    1.927103877067566,
    1.9230835437774658,
    1.960012674331665,
    1.9045889377593994,
    1.948137640953064
  ],
  "val_loss_history": [
    2.5773372650146484,
    2.3482837677001953,
    2.3007028102874756,
    2.2774384021759033,
    2.1778693199157715,
    2.172614336013794,
    2.151132345199585,
    2.169678211212158,
    2.156820774078369,
    2.1696245670318604,
    2.1443614959716797,
    2.1451282501220703,
    2.0980770587921143,
    2.1170647144317627,
    2.1142423152923584,
    2.090379238128662,
    2.1449756622314453,
    2.101839780807495,
    2.0985631942749023,
    2.082180976867676,
    2.077146530151367,
    2.1374754905700684,
    2.0937044620513916,
    2.08809757232666,
    2.0912981033325195,
    2.0934698581695557,
    2.128004789352417,
    2.0861263275146484,
    2.0412726402282715,
    2.037357807159424,
    2.0613269805908203,
    2.0351181030273438,
    2.0237350463867188,
    2.0049734115600586,
    2.0027971267700195,
    1.9836833477020264,
    2.024444103240967,
    1.9860291481018066,
    1.9809560775756836,
    2.0164573192596436,
    1.9611207246780396,
    1.9891759157180786,
    1.9196181297302246,
    1.946178913116455,
    1.9983413219451904,
    1.9439582824707031,
    1.9534188508987427,
    1.973516821861267,
    1.9338955879211426,
    1.928739309310913,
    1.920578122138977,
    1.9334661960601807,
    1.941633939743042,
    1.9497522115707397,
    1.935225248336792,
    1.9568630456924438,
    1.9109585285186768,
    1.9493157863616943,
    1.923395037651062,
    1.9473191499710083,
    1.8977303504943848,
    1.9631588459014893,
    1.9371305704116821,
    1.9631556272506714,
    1.9111964702606201,
    1.9182326793670654,
    1.932511329650879
  ],
  "rule_error_history": [
    0.8888888888888888,
    0.819047619047619,
    0.875,
    0.8828125,
    0.852112676056338,
    0.8091603053435115,
    0.7950819672131147,
    0.7851851851851852,
    0.8103448275862069,
    0.75,
    0.734375,
    0.7697841726618705,
    0.7698412698412699,
    0.7073170731707317,
    0.6959459459459459,
    0.7410071942446043,
    0.7591240875912408,
    0.7142857142857143,
    0.7801418439716312,
    0.7769230769230769,
    0.6934306569343066,
    0.7074829931972789,
    0.7226277372262774,
    0.753731343283582,
    0.7536231884057971,
    0.6666666666666666,
    0.6758620689655173,
    0.7651515151515151,
    0.7463768115942029,
    0.7,
    0.59375,
    0.6,
    0.562962962962963,
    0.5986394557823129,
    0.6323529411764706,
    0.5583333333333333,
    0.5074626865671642,
    0.515625,
    0.472,
    0.4806201550387597,
    0.45112781954887216,
    0.37410071942446044,
    0.41353383458646614,
    0.4307692307692308,
    0.4122137404580153,
    0.46774193548387094,
    0.38016528925619836,
    0.3858267716535433,
    0.3333333333333333,
    0.359375,
    0.2558139534883721,
    0.3188405797101449,
    0.3559322033898305,
    0.29577464788732394,
    0.2426470588235294,
    0.23076923076923078,
    0.29411764705882354,
    0.29133858267716534,
    0.248,
    0.3023255813953488,
    0.33098591549295775,
    0.2796610169491525,
    0.2867647058823529,
    0.27941176470588236,
    0.2713178294573643,
    0.34,
    0.234375
  ],
  "model_config": {
    "n_embd": 2,
    "block_size": 8,
    "num_heads": 1,
    "head_size": 2
  },
  "eval_interval": 200,
  "generated_sequences_e0": [
    [
      6,
      2,
      1,
      8,
      9,
      0,
      4,
      2,
      "+",
      1,
      2,
      2,
      "+",
      8,
      6,
      "+",
      9,
      10,
      5,
      6,
      1,
      2,
      2,
      9,
      5,
      6,
      1,
      6,
      4,
      2,
      2,
      2,
      8,
      2,
      5,
      7,
      6,
      2,
      2,
      2,
      2,
      2,
      3,
      9,
      5
    ],
    [
      0,
      2,
      9,
      2,
      9,
      2,
      9,
      6,
      3,
      10,
      5,
      2,
      "+",
      7,
      2,
      "+",
      9,
      10,
      2,
      1,
      5,
      2,
      0,
      6
    ],
    [
      "+",
      3,
      2,
      3,
      1,
      6,
      3,
      6,
      4,
      2,
      1,
      4,
      0,
      1,
      2,
      7,
      2,
      7,
      4,
      2,
      5,
      3,
      1,
      0,
      1,
      9,
      6,
      3,
      4,
      3,
      2,
      9,
      4,
      3,
      1,
      "+",
      1
    ],
    [
      5,
      2,
      2,
      7,
      8,
      9,
      7,
      2,
      1,
      5,
      2,
      8,
      6,
      5,
      0,
      2,
      3,
      2,
      "+",
      2,
      7,
      2,
      9,
      8,
      1,
      0,
      6,
      0,
      10,
      6,
      2,
      "+",
      1,
      4,
      2,
      1,
      2,
      7,
      2,
      1,
      4,
      10,
      1,
      1,
      1
    ],
    [
      5,
      1,
      5,
      10,
      "+",
      2,
      8,
      5,
      3,
      2,
      4,
      9,
      6,
      2,
      2,
      6,
      2,
      2,
      1,
      2,
      2,
      6,
      "+",
      5,
      6,
      0,
      5
    ]
  ]
}