{
  "vocab_size": 11,
  "step": 13000,
  "steps_for_plot": [
    0,
    200,
    400,
    600,
    800,
    1000,
    1200,
    1400,
    1600,
    1800,
    2000,
    2200,
    2400,
    2600,
    2800,
    3000,
    3200,
    3400,
    3600,
    3800,
    4000,
    4200,
    4400,
    4600,
    4800,
    5000,
    5200,
    5400,
    5600,
    5800,
    6000,
    6200,
    6400,
    6600,
    6800,
    7000,
    7200,
    7400,
    7600,
    7800,
    8000,
    8200,
    8400,
    8600,
    8800,
    9000,
    9200,
    9400,
    9600,
    9800,
    10000,
    10200,
    10400,
    10600,
    10800,
    11000,
    11200,
    11400,
    11600,
    11800,
    12000,
    12200,
    12400,
    12600,
    12800,
    13000
  ],
  "train_loss_history": [
    2.788567543029785,
    2.374053478240967,
    2.287724256515503,
    2.283038854598999,
    2.2665650844573975,
    2.2624993324279785,
    2.2394826412200928,
    2.1755998134613037,
    2.1291069984436035,
    2.088510036468506,
    2.0983622074127197,
    2.0806758403778076,
    2.0846078395843506,
    2.094083309173584,
    2.074162244796753,
    2.080688953399658,
    2.040940046310425,
    2.0716476440429688,
    2.049159049987793,
    2.052551507949829,
    2.064664602279663,
    2.0207881927490234,
    2.0225391387939453,
    2.0291287899017334,
    1.9914017915725708,
    1.987349271774292,
    1.9495306015014648,
    1.923008680343628,
    1.8983795642852783,
    1.8941807746887207,
    1.8591762781143188,
    1.859978199005127,
    1.898593783378601,
    1.8706775903701782,
    1.833672285079956,
    1.8302074670791626,
    1.8539897203445435,
    1.8460980653762817,
    1.857920527458191,
    1.8443952798843384,
    1.8400547504425049,
    1.7737932205200195,
    1.8052613735198975,
    1.8228760957717896,
    1.8112983703613281,
    1.8080036640167236,
    1.7954838275909424,
    1.789940595626831,
    1.8017988204956055,
    1.8388653993606567,
    1.7927806377410889,
    1.7923874855041504,
    1.8350869417190552,
    1.818115234375,
    1.7609068155288696,
    1.782900333404541,
    1.8047140836715698,
    1.7978326082229614,
    1.7960178852081299,
    1.7935457229614258,
    1.7869337797164917,
    1.779241919517517,
    1.7809970378875732,
    1.7636343240737915,
    1.789391279220581,
    1.7671452760696411
  ],
  "val_loss_history": [
    2.7621614933013916,
    2.3890225887298584,
    2.28934907913208,
    2.2721598148345947,
    2.278247117996216,
    2.2616891860961914,
    2.238931655883789,
    2.1979148387908936,
    2.1459243297576904,
    2.1133346557617188,
    2.0881118774414062,
    2.0879101753234863,
    2.1070640087127686,
    2.11328125,
    2.086215019226074,
    2.0780420303344727,
    2.111177921295166,
    2.0873067378997803,
    2.1016123294830322,
    2.0663704872131348,
    2.070422649383545,
    2.062624454498291,
    2.052877902984619,
    2.037393808364868,
    2.0190138816833496,
    1.998457431793213,
    1.9771496057510376,
    1.9825029373168945,
    1.9550502300262451,
    1.9344167709350586,
    1.9474060535430908,
    1.9295005798339844,
    1.8638792037963867,
    1.895046353340149,
    1.9176874160766602,
    1.8636473417282104,
    1.8919053077697754,
    1.8776788711547852,
    1.8890243768692017,
    1.858344316482544,
    1.8458795547485352,
    1.875517725944519,
    1.8286288976669312,
    1.8188080787658691,
    1.7946298122406006,
    1.7996182441711426,
    1.8053197860717773,
    1.794914722442627,
    1.8057153224945068,
    1.8256056308746338,
    1.8280878067016602,
    1.8254512548446655,
    1.8051241636276245,
    1.8229458332061768,
    1.802054762840271,
    1.8225916624069214,
    1.799401879310608,
    1.8087759017944336,
    1.8228249549865723,
    1.8177850246429443,
    1.827401876449585,
    1.7907615900039673,
    1.8486964702606201,
    1.8389033079147339,
    1.8025145530700684,
    1.823762059211731
  ],
  "rule_error_history": [
    0.78125,
    0.8026315789473685,
    0.6842105263157895,
    0.6417910447761194,
    0.6776315789473685,
    0.6564885496183206,
    0.7185185185185186,
    0.7286821705426356,
    0.7407407407407407,
    0.752,
    0.7669172932330827,
    0.7183098591549296,
    0.808695652173913,
    0.7028985507246377,
    0.7265625,
    0.7666666666666667,
    0.7153284671532847,
    0.7583333333333333,
    0.7338709677419355,
    0.6693548387096774,
    0.6946564885496184,
    0.6306306306306306,
    0.6115702479338843,
    0.6439393939393939,
    0.56,
    0.5968992248062015,
    0.5671641791044776,
    0.584070796460177,
    0.45864661654135336,
    0.3937007874015748,
    0.4,
    0.32231404958677684,
    0.35766423357664234,
    0.3300970873786408,
    0.25984251968503935,
    0.28125,
    0.22627737226277372,
    0.1836734693877551,
    0.19548872180451127,
    0.128,
    0.14173228346456693,
    0.17123287671232876,
    0.12,
    0.12213740458015267,
    0.1044776119402985,
    0.10569105691056911,
    0.08633093525179857,
    0.06766917293233082,
    0.08088235294117647,
    0.11428571428571428,
    0.051470588235294115,
    0.06299212598425197,
    0.046875,
    0.058823529411764705,
    0.0547945205479452,
    0.06349206349206349,
    0.08270676691729323,
    0.06153846153846154,
    0.08633093525179857,
    0.06818181818181818,
    0.04878048780487805,
    0.05172413793103448,
    0.043209876543209874,
    0.09774436090225563,
    0.02097902097902098,
    0.07936507936507936
  ],
  "model_config": {
    "n_embd": 2,
    "block_size": 12,
    "num_heads": 1,
    "head_size": 2
  },
  "eval_interval": 200
}