{
  "vocab_size": 7,
  "step": 1600,
  "steps_for_plot": [
    0,
    200,
    400,
    600,
    800,
    1000,
    1200,
    1400,
    1600
  ],
  "train_loss_history": [
    2.2692348957061768,
    1.7197961807250977,
    1.353220820426941,
    1.0621432065963745,
    0.8506864309310913,
    0.5782435536384583,
    0.4641905128955841,
    0.44197654724121094,
    0.4306562840938568
  ],
  "val_loss_history": [
    2.270150661468506,
    1.7149423360824585,
    1.3522528409957886,
    1.0496047735214233,
    0.8536601066589355,
    0.5780990123748779,
    0.4641384184360504,
    0.4407901465892792,
    0.42966124415397644
  ],
  "rule_error_history": [
    0.9636363636363636,
    0.762589928057554,
    0.651685393258427,
    0.5105263157894737,
    0.3316831683168317,
    0.21311475409836064,
    0.2046783625730994,
    0.1671388101983003,
    0.18005540166204986
  ],
  "model_config": {
    "n_embd": 2,
    "block_size": 16,
    "num_heads": 1,
    "head_size": 2
  },
  "eval_interval": 200
}