{
  "vocab_size": 7,
  "step": 8600,
  "steps_for_plot": [
    0,
    200,
    400,
    600,
    800,
    1000,
    1200,
    1400,
    1600,
    1800,
    2000,
    2200,
    2400,
    2600,
    2800,
    3000,
    3200,
    3400,
    3600,
    3800,
    4000,
    4200,
    4400,
    4600,
    4800,
    5000,
    5200,
    5400,
    5600,
    5800,
    6000,
    6200,
    6400,
    6600,
    6800,
    7000,
    7200,
    7400,
    7600,
    7800,
    8000,
    8200,
    8400,
    8600
  ],
  "train_loss_history": [
    2.2692348957061768,
    1.7197961807250977,
    1.353220820426941,
    1.0621432065963745,
    0.8506864309310913,
    0.5782435536384583,
    0.4641905128955841,
    0.44197654724121094,
    0.4306562840938568,
    0.4278580844402313,
    0.4242938160896301,
    0.4233134388923645,
    0.42419514060020447,
    0.4185399115085602,
    0.4181253910064697,
    0.41840019822120667,
    0.421493798494339,
    0.4229450225830078,
    0.4191949963569641,
    0.4179835021495819,
    0.4172191321849823,
    0.41609278321266174,
    0.4132542312145233,
    0.41075968742370605,
    0.4105282723903656,
    0.4118013381958008,
    0.41258880496025085,
    0.40825924277305603,
    0.4013192653656006,
    0.3966198265552521,
    0.3945430815219879,
    0.3863992691040039,
    0.36936211585998535,
    0.36505812406539917,
    0.3569553792476654,
    0.3409927487373352,
    0.32944637537002563,
    0.31532415747642517,
    0.3084520101547241,
    0.3054600954055786,
    0.29988184571266174,
    0.2985306978225708,
    0.2954692840576172,
    0.2913118302822113
  ],
  "val_loss_history": [
    2.270150661468506,
    1.7149423360824585,
    1.3522528409957886,
    1.0496047735214233,
    0.8536601066589355,
    0.5780990123748779,
    0.4641384184360504,
    0.4407901465892792,
    0.42966124415397644,
    0.4262072741985321,
    0.4253200888633728,
    0.4219217598438263,
    0.42139965295791626,
    0.418793261051178,
    0.421073317527771,
    0.42093363404273987,
    0.42143601179122925,
    0.4215325117111206,
    0.4168575406074524,
    0.41397425532341003,
    0.4220302700996399,
    0.41645434498786926,
    0.4113577604293823,
    0.4087998569011688,
    0.4128046929836273,
    0.41055041551589966,
    0.40941131114959717,
    0.4032897651195526,
    0.4046366214752197,
    0.3972032964229584,
    0.395295113325119,
    0.38850077986717224,
    0.37456950545310974,
    0.3699866235256195,
    0.35955727100372314,
    0.3407113552093506,
    0.3299315571784973,
    0.31689727306365967,
    0.31061869859695435,
    0.3041876554489136,
    0.2990630269050598,
    0.2964355945587158,
    0.29556509852409363,
    0.2933117151260376
  ],
  "rule_error_history": [
    0.9636363636363636,
    0.762589928057554,
    0.651685393258427,
    0.5105263157894737,
    0.3316831683168317,
    0.21311475409836064,
    0.2046783625730994,
    0.1671388101983003,
    0.18005540166204986,
    0.16120218579234974,
    0.21142857142857144,
    0.1443850267379679,
    0.16348773841961853,
    0.18232044198895028,
    0.1595744680851064,
    0.16164383561643836,
    0.16893732970027248,
    0.20448179271708683,
    0.12207792207792208,
    0.14864864864864866,
    0.16986301369863013,
    0.13527851458885942,
    0.11286089238845144,
    0.17415730337078653,
    0.13793103448275862,
    0.1174934725848564,
    0.10416666666666667,
    0.14905149051490515,
    0.13262599469496023,
    0.18232044198895028,
    0.12834224598930483,
    0.13720316622691292,
    0.11979166666666667,
    0.10077519379844961,
    0.11286089238845144,
    0.09844559585492228,
    0.06188118811881188,
    0.04433497536945813,
    0.056790123456790124,
    0.04702970297029703,
    0.0364963503649635,
    0.04466501240694789,
    0.029484029484029485,
    0.009389671361502348
  ],
  "model_config": {
    "n_embd": 2,
    "block_size": 16,
    "num_heads": 1,
    "head_size": 2
  },
  "eval_interval": 200
}