{
  "vocab_size": 12,
  "step": 17100,
  "steps_for_plot": [
    0,
    200,
    400,
    600,
    800,
    1000,
    1200,
    1400,
    1600,
    1800,
    2000,
    2200,
    2400,
    2600,
    2800,
    3000,
    3200,
    3400,
    3600,
    3800,
    4000,
    4200,
    4400,
    4600,
    4800,
    5000,
    5200,
    5400,
    5600,
    5800,
    6000,
    6200,
    6400,
    6600,
    6800,
    7000,
    7200,
    7400,
    7600,
    7800,
    8000,
    8200,
    8400,
    8600,
    8800,
    9000,
    9200,
    9400,
    9600,
    9800,
    10000,
    10200,
    10400,
    10600,
    10800,
    11000,
    11200,
    11400,
    11600,
    11800,
    12000,
    12200,
    12400,
    12600,
    12800,
    13000,
    13200,
    13400,
    13600,
    13800,
    14000,
    14200,
    14400,
    14600,
    14800,
    15000,
    15200,
    15400,
    15600,
    15800,
    16000,
    16200,
    16400,
    16600,
    16800,
    17000
  ],
  "train_loss_history": [
    2.8673877716064453,
    2.470902919769287,
    2.371462345123291,
    2.304940700531006,
    2.217996120452881,
    2.2194507122039795,
    2.205103874206543,
    2.1817853450775146,
    2.1779563426971436,
    2.176330804824829,
    2.163536310195923,
    2.174462080001831,
    2.163353681564331,
    2.1566693782806396,
    2.1639232635498047,
    2.161787986755371,
    2.097663640975952,
    2.139728307723999,
    2.1090662479400635,
    2.070012092590332,
    2.093808650970459,
    2.063563585281372,
    2.0656492710113525,
    2.077345848083496,
    2.0761876106262207,
    2.063901424407959,
    2.036177158355713,
    2.0145070552825928,
    2.0014150142669678,
    2.0009000301361084,
    1.9672927856445312,
    2.0151450634002686,
    1.9765516519546509,
    2.0009310245513916,
    1.9724863767623901,
    1.9386259317398071,
    1.9593110084533691,
    1.9217159748077393,
    1.9736918210983276,
    1.9417026042938232,
    1.9205563068389893,
    1.9341096878051758,
    1.939781904220581,
    1.9425194263458252,
    1.9274641275405884,
    1.913663625717163,
    1.9615024328231812,
    1.9166669845581055,
    1.9245522022247314,
    1.9081153869628906,
    1.8919034004211426,
    1.9015487432479858,
    1.9380847215652466,
    1.921537160873413,
    1.8942971229553223,
    1.9320491552352905,
    1.9206444025039673,
    1.8963532447814941,
    1.934820294380188,
    1.9026089906692505,
    1.9251658916473389,
    1.8843110799789429,
    1.950449824333191,
    1.892765760421753,
    1.8811253309249878,
    1.9141438007354736,
    1.8718632459640503,
    1.873537302017212,
    1.8822121620178223,
    1.8753200769424438,
    1.8413972854614258,
    1.9015634059906006,
    1.8549761772155762,
    1.8890684843063354,
    1.8517123460769653,
    1.8512898683547974,
    1.844571590423584,
    1.8498868942260742,
    1.8632926940917969,
    1.8650850057601929,
    1.8467918634414673,
    1.8369799852371216,
    1.8556171655654907,
    1.8351207971572876,
    1.8959603309631348,
    1.8278347253799438
  ],
  "val_loss_history": [
    2.9148266315460205,
    2.4575486183166504,
    2.357844352722168,
    2.306601047515869,
    2.252619981765747,
    2.211134672164917,
    2.2035844326019287,
    2.1988885402679443,
    2.168929100036621,
    2.1843202114105225,
    2.1660845279693604,
    2.1666810512542725,
    2.17919921875,
    2.171780586242676,
    2.1382901668548584,
    2.1403563022613525,
    2.1175103187561035,
    2.066558599472046,
    2.0773911476135254,
    2.1220457553863525,
    2.0784313678741455,
    2.1012070178985596,
    2.081468105316162,
    2.0658020973205566,
    2.027167558670044,
    2.038560152053833,
    2.039426565170288,
    2.011843204498291,
    2.0295560359954834,
    2.027297019958496,
    2.0082292556762695,
    1.9730710983276367,
    1.9399592876434326,
    1.9653358459472656,
    1.9265563488006592,
    1.9652128219604492,
    1.9613114595413208,
    1.9720317125320435,
    1.9400620460510254,
    1.9503422975540161,
    1.9745054244995117,
    1.9440858364105225,
    1.898332953453064,
    1.9259307384490967,
    1.930556297302246,
    1.9287976026535034,
    1.9406379461288452,
    1.8846678733825684,
    1.928312063217163,
    1.9010013341903687,
    1.8687820434570312,
    1.9239612817764282,
    1.9006462097167969,
    1.922411322593689,
    1.8930869102478027,
    1.8849287033081055,
    1.8934071063995361,
    1.921390414237976,
    1.9405299425125122,
    1.960753321647644,
    1.9298454523086548,
    1.9375863075256348,
    1.8968358039855957,
    1.8776947259902954,
    1.90287446975708,
    1.9222168922424316,
    1.9104783535003662,
    1.8872630596160889,
    1.8701200485229492,
    1.8922996520996094,
    1.868837833404541,
    1.9208391904830933,
    1.8862189054489136,
    1.8795526027679443,
    1.8745008707046509,
    1.854896903038025,
    1.8658610582351685,
    1.9004409313201904,
    1.8646328449249268,
    1.8612539768218994,
    1.8306360244750977,
    1.840205192565918,
    1.8544424772262573,
    1.842469334602356,
    1.8668674230575562,
    1.850195288658142
  ],
  "rule_error_history": [
    0.7567567567567568,
    0.8414634146341463,
    0.8333333333333334,
    0.8198198198198198,
    0.7966101694915254,
    0.8416666666666667,
    0.8130081300813008,
    0.8562091503267973,
    0.8,
    0.8311688311688312,
    0.8166666666666667,
    0.7984496124031008,
    0.7443609022556391,
    0.7967479674796748,
    0.8015873015873016,
    0.8188976377952756,
    0.7795275590551181,
    0.7803030303030303,
    0.7272727272727273,
    0.7557251908396947,
    0.6842105263157895,
    0.7226277372262774,
    0.7165354330708661,
    0.6587301587301587,
    0.717741935483871,
    0.6888888888888889,
    0.6783216783216783,
    0.5254237288135594,
    0.5241935483870968,
    0.4772727272727273,
    0.49324324324324326,
    0.4244604316546763,
    0.4222222222222222,
    0.39655172413793105,
    0.3805970149253731,
    0.4090909090909091,
    0.3013698630136986,
    0.32061068702290074,
    0.375,
    0.33064516129032256,
    0.3333333333333333,
    0.29770992366412213,
    0.2867647058823529,
    0.3161764705882353,
    0.20588235294117646,
    0.288,
    0.2396694214876033,
    0.16,
    0.13385826771653545,
    0.23134328358208955,
    0.22297297297297297,
    0.17829457364341086,
    0.2734375,
    0.22302158273381295,
    0.21212121212121213,
    0.2116788321167883,
    0.18548387096774194,
    0.23134328358208955,
    0.16417910447761194,
    0.14383561643835616,
    0.3103448275862069,
    0.22137404580152673,
    0.21705426356589147,
    0.2127659574468085,
    0.17293233082706766,
    0.2,
    0.11450381679389313,
    0.11888111888111888,
    0.11450381679389313,
    0.14482758620689656,
    0.125,
    0.11363636363636363,
    0.07246376811594203,
    0.06015037593984962,
    0.045871559633027525,
    0.08208955223880597,
    0.03759398496240601,
    0.032,
    0.07079646017699115,
    0.031746031746031744,
    0.0425531914893617,
    0.05309734513274336,
    0.03731343283582089,
    0.029411764705882353,
    0.03305785123966942,
    0.06201550387596899
  ],
  "model_config": {
    "n_embd": 2,
    "block_size": 8,
    "num_heads": 1,
    "head_size": 2
  },
  "eval_interval": 200,