{
  "vocab_size": 4,
  "step": 6800,
  "steps_for_plot": [
    0,
    200,
    400,
    600,
    800,
    1000,
    1200,
    1400,
    1600,
    1800,
    2000,
    2200,
    2400,
    2600,
    2800,
    3000,
    3200,
    3400,
    3600,
    3800,
    4000,
    4200,
    4400,
    4600,
    4800,
    5000,
    5200,
    5400,
    5600,
    5800,
    6000,
    6200,
    6400,
    6600,
    6800
  ],
  "train_loss_history": [
    1.732129693031311,
    1.243720293045044,
    0.9139953851699829,
    0.46194741129875183,
    0.2282460778951645,
    0.06372436881065369,
    0.018074192106723785,
    0.00841409433633089,
    0.004687734879553318,
    0.0030588179361075163,
    0.0020798048935830593,
    0.0015426395693793893,
    0.0011778778862208128,
    0.0009312094771303236,
    0.0007305092294700444,
    0.0005976793472655118,
    0.0004738762218039483,
    0.00039534721872769296,
    0.0003546836960595101,
    0.0002894629433285445,
    0.00025089579867199063,
    0.00020987275638617575,
    0.0001854371657827869,
    0.0001626661396585405,
    0.00014173760428093374,
    0.00012450198119040579,
    0.00010856755397981033,
    9.47019289014861e-05,
    8.46757393446751e-05,
    7.242377614602447e-05,
    6.713852781103924e-05,
    5.7655652199173346e-05,
    4.9886395572684705e-05,
    4.34888934250921e-05,
    3.896939233527519e-05
  ],
  "val_loss_history": [
    1.7262544631958008,
    1.2429497241973877,
    0.9005671739578247,
    0.46904850006103516,
    0.23026445508003235,
    0.06348937004804611,
    0.01761726662516594,
    0.008135352283716202,
    0.004596954211592674,
    0.002932462142780423,
    0.002064576605334878,
    0.00152729416731745,
    0.0011689382372424006,
    0.0008959487313404679,
    0.0006979771424084902,
    0.000577818660531193,
    0.0004942973610013723,
    0.00040487508522346616,
    0.0003447426133789122,
    0.0002880704705603421,
    0.00024149449018295854,
    0.00021240735077299178,
    0.0001832159177865833,
    0.00016282293654512614,
    0.00014095874212216586,
    0.00012615341984201223,
    0.00010848936653928831,
    9.670887084212154e-05,
    8.239050657721236e-05,
    7.410510443150997e-05,
    6.436221883632243e-05,
    5.660716851707548e-05,
    5.038501331000589e-05,
    4.435951996129006e-05,
    3.9177146391011775e-05
  ],
  "rule_error_history": [
    0.8166666666666667,
    0.7466666666666667,
    0.6466666666666666,
    0.47833333333333333,
    0.365,
    0.16833333333333333,
    0.075,
    0.06166666666666667,
    0.058333333333333334,
    0.085,
    0.06166666666666667,
    0.05333333333333334,
    0.04833333333333333,
    0.056666666666666664,
    0.04833333333333333,
    0.05,
    0.05,
    0.05,
    0.04833333333333333,
    0.04,
    0.04833333333333333,
    0.05,
    0.05333333333333334,
    0.051666666666666666,
    0.04,
    0.051666666666666666,
    0.043333333333333335,
    0.04666666666666667,
    0.051666666666666666,
    0.045,
    0.056666666666666664,
    0.06166666666666667,
    0.03666666666666667,
    0.06,
    0.035
  ],
  "model_config": {
    "n_embd": 2,
    "block_size": 16,
    "num_heads": 1,
    "head_size": 2
  },
  "eval_interval": 200
}