{
  "vocab_size": 12,
  "step": 1300,
  "steps_for_plot": [
    0,
    200,
    400,
    600,
    800,
    1000,
    1200
  ],
  "train_loss_history": [
    2.7834198474884033,
    2.4152915477752686,
    2.360837697982788,
    2.3513169288635254,
    2.3514630794525146,
    2.373216152191162,
    2.353125810623169
  ],
  "val_loss_history": [
    2.80338191986084,
    2.4091408252716064,
    2.3584659099578857,
    2.357017755508423,
    2.3571889400482178,
    2.344680070877075,
    2.3551645278930664
  ],
  "rule_error_history": [
    0.8461538461538461,
    0.9056603773584906,
    0.8777777777777778,
    0.8557692307692307,
    0.8631578947368421,
    0.8181818181818182,
    0.8288288288288288
  ],
  "model_config": {
    "n_embd": 2,
    "block_size": 8,
    "num_heads": 1,
    "head_size": 2
  },
  "eval_interval": 200,
  "generated_sequences_e0": [
    [
      5,
      3,
      1,
      3,
      0,
      6,
      5,
      4,
      1,
      8,
      10,
      6,
      7,
      2,
      7,
      10,
      5,
      4,
      5,
      4,
      4,
      5,
      9,
      1,
      6,
      5,
      1,
      1,
      1,
      2,
      10,
      4,
      1
    ],
    [
      4,
      10,
      4,
      1,
      "+",
      4,
      1,
      5,
      0,
      1,
      9,
      0,
      10,
      2,
      4,
      5,
      6,
      3,
      2,
      3,
      10,
      6,
      4,
      4,
      6,
      5,
      5,
      8,
      8,
      1,
      6
    ],
    [
      10,
      3,
      7,
      1,
      10,
      0,
      1,
      4,
      1,
      6,
      10,
      4,
      3,
      3,
      6,
      5,
      5,
      3,
      1,
      3,
      4,
      6,
      1,
      5,
      1,
      2,
      6,
      4,
      3
    ],
    [
      2,
      4,
      1,
      6,
      4,
      5,
      4,
      1,
      "+",
      3,
      1,
      "+",
      2,
      6,
      2,
      5,
      4,
      8,
      8,
      4,
      5,
      5,
      "+"
    ],
    [
      5,
      1,
      0,
      7,
      0,
      1,
      1,
      0,
      1,
      5,
      8,
      3,
      3,
      7,
      3,
      1,
      4,
      "+",
      6,
      6,
      1,
      5,
      4,
      5
    ]
  ]
}