{
  "vocab_size": 12,
  "step": 15400,
  "steps_for_plot": [
    0,
    200,
    400,
    600,
    800,
    1000,
    1200,
    1400,
    1600,
    1800,
    2000,
    2200,
    2400,
    2600,
    2800,
    3000,
    3200,
    3400,
    3600,
    3800,
    4000,
    4200,
    4400,
    4600,
    4800,
    5000,
    5200,
    5400,
    5600,
    5800,
    6000,
    6200,
    6400,
    6600,
    6800,
    7000,
    7200,
    7400,
    7600,
    7800,
    8000,
    8200,
    8400,
    8600,
    8800,
    9000,
    9200,
    9400,
    9600,
    9800,
    10000,
    10200,
    10400,
    10600,
    10800,
    11000,
    11200,
    11400,
    11600,
    11800,
    12000,
    12200,
    12400,
    12600,
    12800,
    13000,
    13200,
    13400,
    13600,
    13800,
    14000,
    14200,
    14400,
    14600,
    14800,
    15000,
    15200,
    15400
  ],
  "train_loss_history": [
    2.874727487564087,
    2.4585556983947754,
    2.3760509490966797,
    2.2740061283111572,
    2.2375235557556152,
    2.2189154624938965,
    2.1836984157562256,
    2.1781702041625977,
    2.169113874435425,
    2.165536880493164,
    2.1683547496795654,
    2.193120002746582,
    2.1563591957092285,
    2.152536392211914,
    2.146164655685425,
    2.1193151473999023,
    2.0988869667053223,
    2.1129729747772217,
    2.0844051837921143,
    2.0970189571380615,
    2.0938260555267334,
    2.052943468093872,
    2.069985866546631,
    2.0229501724243164,
    2.0830764770507812,
    2.0246973037719727,
    2.03971529006958,
    2.045729875564575,
    2.039289951324463,
    2.011577844619751,
    2.0288448333740234,
    2.004347562789917,
    1.9789764881134033,
    1.999135136604309,
    1.9841159582138062,
    1.9589166641235352,
    1.9671069383621216,
    1.9286426305770874,
    1.9552873373031616,
    1.9761171340942383,
    1.9358025789260864,
    1.9627264738082886,
    1.9462790489196777,
    1.940329909324646,
    1.9154677391052246,
    1.9233726263046265,
    1.9290374517440796,
    1.9198243618011475,
    1.8793188333511353,
    1.9020544290542603,
    1.9088934659957886,
    1.9086931943893433,
    1.9457165002822876,
    1.9323945045471191,
    1.920626163482666,
    1.9091075658798218,
    1.9457358121871948,
    1.9403595924377441,
    1.9128470420837402,
    1.9232820272445679,
    1.90822172164917,
    1.90189790725708,
    1.8958690166473389,
    1.9154260158538818,
    1.8853825330734253,
    1.8898069858551025,
    1.925674319267273,
    1.8710262775421143,
    1.8760085105895996,
    1.8709651231765747,
    1.8795374631881714,
    1.8736697435379028,
    1.896317958831787,
    1.8900353908538818,
    1.9074839353561401,
    1.8558889627456665,
    1.8669540882110596,
    1.8928592205047607
  ],
  "val_loss_history": [
    2.8570363521575928,
    2.459223508834839,
    2.353545904159546,
    2.2854859828948975,
    2.239367723464966,
    2.1986207962036133,
    2.1757009029388428,
    2.157984972000122,
    2.169724941253662,
    2.152365207672119,
    2.1528196334838867,
    2.1278538703918457,
    2.179751396179199,
    2.1349990367889404,
    2.109006881713867,
    2.1113715171813965,
    2.091043710708618,
    2.1201467514038086,
    2.078789472579956,
    2.086792230606079,
    2.066063165664673,
    2.0490832328796387,
    2.0343923568725586,
    2.067103862762451,
    2.0322580337524414,
    2.0393357276916504,
    2.0207505226135254,
    1.9976001977920532,
    2.007079839706421,
    1.9884501695632935,
    1.967043399810791,
    1.9573431015014648,
    1.9661206007003784,
    2.0225296020507812,
    1.9677807092666626,
    1.964599609375,
    1.9735538959503174,
    1.9374481439590454,
    1.9211503267288208,
    1.9947466850280762,
    1.9184646606445312,
    1.949884295463562,
    1.9383779764175415,
    1.9360958337783813,
    1.9027920961380005,
    1.8956663608551025,
    1.8809924125671387,
    1.9424368143081665,
    1.870856761932373,
    1.9506080150604248,
    1.877198338508606,
    1.8919568061828613,
    1.889306902885437,
    1.9136232137680054,
    1.872334599494934,
    1.9171562194824219,
    1.874822974205017,
    1.8554338216781616,
    1.8826559782028198,
    1.958651065826416,
    1.911716103553772,
    1.8721891641616821,
    1.8951388597488403,
    1.8872191905975342,
    1.9032059907913208,
    1.8676233291625977,
    1.8836510181427002,
    1.9110465049743652,
    1.8896980285644531,
    1.8344215154647827,
    1.859928011894226,
    1.9180653095245361,
    1.9016823768615723,
    1.858360767364502,
    1.8658554553985596,
    1.855645775794983,
    1.8951584100723267,
    1.8245253562927246
  ],
  "rule_error_history": [
    0.7777777777777778,
    0.8271604938271605,
    0.8482142857142857,
    0.8434782608695652,
    0.84,
    0.832,
    0.7829457364341085,
    0.8523489932885906,
    0.8188976377952756,
    0.8424657534246576,
    0.8205128205128205,
    0.8166666666666667,
    0.7251908396946565,
    0.792,
    0.7938931297709924,
    0.7603305785123967,
    0.7786259541984732,
    0.7183098591549296,
    0.6821705426356589,
    0.7364341085271318,
    0.64,
    0.6946564885496184,
    0.6328125,
    0.6428571428571429,
    0.6115107913669064,
    0.6503496503496503,
    0.6433566433566433,
    0.528,
    0.5982905982905983,
    0.5190839694656488,
    0.5793650793650794,
    0.48854961832061067,
    0.5109489051094891,
    0.4491525423728814,
    0.45588235294117646,
    0.43478260869565216,
    0.4014084507042254,
    0.39097744360902253,
    0.35294117647058826,
    0.48412698412698413,
    0.31896551724137934,
    0.26666666666666666,
    0.29411764705882354,
    0.34814814814814815,
    0.2647058823529412,
    0.37272727272727274,
    0.27586206896551724,
    0.2619047619047619,
    0.21739130434782608,
    0.2619047619047619,
    0.272108843537415,
    0.2116788321167883,
    0.24166666666666667,
    0.2074074074074074,
    0.25925925925925924,
    0.2733812949640288,
    0.20454545454545456,
    0.208955223880597,
    0.232,
    0.22302158273381295,
    0.3017241379310345,
    0.2074074074074074,
    0.2230769230769231,
    0.23648648648648649,
    0.18248175182481752,
    0.21138211382113822,
    0.14285714285714285,
    0.17391304347826086,
    0.22377622377622378,
    0.2348993288590604,
    0.14754098360655737,
    0.1357142857142857,
    0.13821138211382114,
    0.1111111111111111,
    0.10526315789473684,
    0.07142857142857142,
    0.0703125,
    0.06349206349206349
  ],
  "model_config": {
    "n_embd": 2,
    "block_size": 8,
    "num_heads": 1,
    "head_size": 2
  },
  "eval_interval": 200,