{
  "vocab_size": 11,
  "step": 16500,
  "steps_for_plot": [
    0,
    200,
    400,
    600,
    800,
    1000,
    1200,
    1400,
    1600,
    1800,
    2000,
    2200,
    2400,
    2600,
    2800,
    3000,
    3200,
    3400,
    3600,
    3800,
    4000,
    4200,
    4400,
    4600,
    4800,
    5000,
    5200,
    5400,
    5600,
    5800,
    6000,
    6200,
    6400,
    6600,
    6800,
    7000,
    7200,
    7400,
    7600,
    7800,
    8000,
    8200,
    8400,
    8600,
    8800,
    9000,
    9200,
    9400,
    9600,
    9800,
    10000,
    10200,
    10400,
    10600,
    10800,
    11000,
    11200,
    11400,
    11600,
    11800,
    12000,
    12200,
    12400,
    12600,
    12800,
    13000,
    13200,
    13400,
    13600,
    13800,
    14000,
    14200,
    14400,
    14600,
    14800,
    15000,
    15200,
    15400,
    15600,
    15800,
    16000,
    16200,
    16400
  ],
  "train_loss_history": [
    2.527644157409668,
    2.08171010017395,
    1.9819320440292358,
    1.9865623712539673,
    1.9715732336044312,
    1.992043137550354,
    1.9250584840774536,
    1.9285832643508911,
    1.9202226400375366,
    1.8924354314804077,
    1.9145909547805786,
    1.9270988702774048,
    1.8947291374206543,
    1.9577194452285767,
    1.9488736391067505,
    1.915183663368225,
    1.9147119522094727,
    1.873815655708313,
    1.9257055521011353,
    1.948368787765503,
    1.9032222032546997,
    1.8799145221710205,
    1.8698047399520874,
    1.8673869371414185,
    1.9185415506362915,
    1.8719581365585327,
    1.8712754249572754,
    1.8568493127822876,
    1.8466813564300537,
    1.8811824321746826,
    1.8425825834274292,
    1.8600144386291504,
    1.8394595384597778,
    1.8532339334487915,
    1.8331730365753174,
    1.8061374425888062,
    1.7767590284347534,
    1.7980246543884277,
    1.7651056051254272,
    1.7751599550247192,
    1.707651972770691,
    1.771970510482788,
    1.7066136598587036,
    1.7202801704406738,
    1.7134695053100586,
    1.676072597503662,
    1.6504719257354736,
    1.6501487493515015,
    1.654608964920044,
    1.6160228252410889,
    1.621495246887207,
    1.6421995162963867,
    1.5275338888168335,
    1.5810256004333496,
    1.553106427192688,
    1.545390009880066,
    1.491737723350525,
    1.5033459663391113,
    1.4998267889022827,
    1.4702481031417847,
    1.5002604722976685,
    1.449629783630371,
    1.4606660604476929,
    1.441066026687622,
    1.369320273399353,
    1.4566596746444702,
    1.416953682899475,
    1.4050449132919312,
    1.407679557800293,
    1.3956897258758545,
    1.4256192445755005,
    1.401033639907837,
    1.3595595359802246,
    1.402920126914978,
    1.389845609664917,
    1.3484818935394287,
    1.3470889329910278,
    1.3381373882293701,
    1.34810471534729,
    1.357112169265747,
    1.350012183189392,
    1.3136570453643799,
    1.3333182334899902
  ],
  "val_loss_history": [
    2.542965888977051,
    2.1162397861480713,
    2.014350175857544,
    2.006377935409546,
    1.977086067199707,
    1.9808944463729858,
    1.965714693069458,
    1.9918171167373657,
    1.9710478782653809,
    1.9826120138168335,
    1.9626978635787964,
    1.9568796157836914,
    1.9434040784835815,
    1.9422105550765991,
    1.9733991622924805,
    1.951892375946045,
    1.9546552896499634,
    1.9434762001037598,
    1.9509373903274536,
    1.9096816778182983,
    1.9337737560272217,
    1.9121512174606323,
    1.9165250062942505,
    1.923629879951477,
    1.9484971761703491,
    1.9056836366653442,
    1.903977870941162,
    1.8916735649108887,
    1.9086624383926392,
    1.877368450164795,
    1.8730970621109009,
    1.8674209117889404,
    1.8770452737808228,
    1.915023684501648,
    1.8924400806427002,
    1.8545840978622437,
    1.880376935005188,
    1.828016996383667,
    1.8553866147994995,
    1.8205524682998657,
    1.7925115823745728,
    1.827576756477356,
    1.8051799535751343,
    1.7450551986694336,
    1.7547709941864014,
    1.671875,
    1.703133225440979,
    1.675907850265503,
    1.6890369653701782,
    1.6914268732070923,
    1.6558756828308105,
    1.6189919710159302,
    1.6139187812805176,
    1.5692166090011597,
    1.5610519647598267,
    1.5880802869796753,
    1.5194989442825317,
    1.5877702236175537,
    1.5148401260375977,
    1.5264883041381836,
    1.485597848892212,
    1.5032178163528442,
    1.4662150144577026,
    1.5025949478149414,
    1.4932875633239746,
    1.4369128942489624,
    1.4474613666534424,
    1.4492771625518799,
    1.377639651298523,
    1.4867945909500122,
    1.4169824123382568,
    1.4967856407165527,
    1.452478051185608,
    1.4536303281784058,
    1.4074398279190063,
    1.4257256984710693,
    1.4535449743270874,
    1.4270542860031128,
    1.3856980800628662,
    1.384772539138794,
    1.3940112590789795,
    1.3915092945098877,
    1.3591203689575195
  ],
  "rule_error_history": [
    0.8426966292134831,
    0.8186813186813187,
    0.8138528138528138,
    0.8221153846153846,
    0.7698412698412699,
    0.8436018957345972,
    0.7860082304526749,
    0.7317073170731707,
    0.8045454545454546,
    0.8199052132701422,
    0.7935779816513762,
    0.7366255144032922,
    0.7531914893617021,
    0.7793427230046949,
    0.7446808510638298,
    0.8349056603773585,
    0.8114035087719298,
    0.7336065573770492,
    0.8434343434343434,
    0.7847533632286996,
    0.7918552036199095,
    0.8,
    0.7393162393162394,
    0.7333333333333333,
    0.7489177489177489,
    0.7372881355932204,
    0.7706422018348624,
    0.6528925619834711,
    0.7086956521739131,
    0.7022222222222222,
    0.6637931034482759,
    0.7782805429864253,
    0.7586206896551724,
    0.7464788732394366,
    0.6486486486486487,
    0.6131687242798354,
    0.5541125541125541,
    0.6759259259259259,
    0.5173745173745173,
    0.6183574879227053,
    0.568075117370892,
    0.5608695652173913,
    0.5657370517928287,
    0.5443548387096774,
    0.5485436893203883,
    0.4296875,
    0.4596774193548387,
    0.3967611336032389,
    0.39114391143911437,
    0.5625,
    0.42424242424242425,
    0.4153225806451613,
    0.38493723849372385,
    0.4681818181818182,
    0.3628691983122363,
    0.4199134199134199,
    0.42543859649122806,
    0.47368421052631576,
    0.34156378600823045,
    0.4020100502512563,
    0.3512396694214876,
    0.37280701754385964,
    0.38181818181818183,
    0.32272727272727275,
    0.3867924528301887,
    0.33613445378151263,
    0.3203463203463203,
    0.29906542056074764,
    0.34801762114537443,
    0.26521739130434785,
    0.19491525423728814,
    0.2833333333333333,
    0.2445414847161572,
    0.2694063926940639,
    0.32663316582914576,
    0.26382978723404255,
    0.23628691983122363,
    0.2457627118644068,
    0.192,
    0.24242424242424243,
    0.2283464566929134,
    0.17674418604651163,
    0.18614718614718614
  ],
  "model_config": {
    "n_embd": 4,
    "block_size": 16,
    "num_heads": 1,
    "head_size": 4,
    "use_residual": true
  },
  "eval_interval": 200,