{
  "vocab_size": 12,
  "step": 25400,
  "steps_for_plot": [
    0,
    200,
    400,
    600,
    800,
    1000,
    1200,
    1400,
    1600,
    1800,
    2000,
    2200,
    2400,
    2600,
    2800,
    3000,
    3200,
    3400,
    3600,
    3800,
    4000,
    4200,
    4400,
    4600,
    4800,
    5000,
    5200,
    5400,
    5600,
    5800,
    6000,
    6200,
    6400,
    6600,
    6800,
    7000,
    7200,
    7400,
    7600,
    7800,
    8000,
    8200,
    8400,
    8600,
    8800,
    9000,
    9200,
    9400,
    9600,
    9800,
    10000,
    10200,
    10400,
    10600,
    10800,
    11000,
    11200,
    11400,
    11600,
    11800,
    12000,
    12200,
    12400,
    12600,
    12800,
    13000,
    13200,
    13400,
    13600,
    13800,
    14000,
    14200,
    14400,
    14600,
    14800,
    15000,
    15200,
    15400,
    15600,
    15800,
    16000,
    16200,
    16400,
    16600,
    16800,
    17000,
    17200,
    17400,
    17600,
    17800,
    18000,
    18200,
    18400,
    18600,
    18800,
    19000,
    19200,
    19400,
    19600,
    19800,
    20000,
    20200,
    20400,
    20600,
    20800,
    21000,
    21200,
    21400,
    21600,
    21800,
    22000,
    22200,
    22400,
    22600,
    22800,
    23000,
    23200,
    23400,
    23600,
    23800,
    24000,
    24200,
    24400,
    24600,
    24800,
    25000,
    25200,
    25400
  ],
  "train_loss_history": [
    2.5834195613861084,
    2.3632280826568604,
    2.3283157348632812,
    2.283123254776001,
    2.18111252784729,
    2.1957497596740723,
    2.1607587337493896,
    2.190934181213379,
    2.1766467094421387,
    2.1411361694335938,
    2.1476552486419678,
    2.1183059215545654,
    2.124319553375244,
    2.121159076690674,
    2.1028177738189697,
    2.0964515209198,
    2.077620029449463,
    2.085304021835327,
    2.1240012645721436,
    2.091844081878662,
    2.1227145195007324,
    2.0960564613342285,
    2.124340057373047,
    2.1294634342193604,
    2.0850014686584473,
    2.124358892440796,
    2.088406562805176,
    2.0725278854370117,
    2.087249994277954,
    2.052412509918213,
    2.0953705310821533,
    2.061323404312134,
    2.0560426712036133,
    2.018623113632202,
    2.012019157409668,
    2.038386106491089,
    1.981225609779358,
    1.9917160272598267,
    2.0104854106903076,
    2.0364699363708496,
    1.990351915359497,
    1.9786354303359985,
    1.9734501838684082,
    2.0285749435424805,
    2.010648012161255,
    1.9795172214508057,
    1.9709405899047852,
    1.9593024253845215,
    1.9732651710510254,
    1.9730596542358398,
    1.9325332641601562,
    1.9385156631469727,
    1.9710149765014648,
    1.947746753692627,
    1.9512677192687988,
    1.9169296026229858,
    1.9872825145721436,
    1.9256491661071777,
    2.0037410259246826,
    1.9313844442367554,
    1.958646297454834,
    1.9623812437057495,
    1.927103877067566,
    1.9230835437774658,
    1.960012674331665,
    1.9045889377593994,
    1.948137640953064,
    1.924676537513733,
    1.9193010330200195,
    1.966232419013977,
    1.9328569173812866,
    1.9339001178741455,
    1.9535009860992432,
    1.9425959587097168,
    1.9480082988739014,
    1.9283310174942017,
    1.9473965167999268,
    1.9772335290908813,
    1.9566231966018677,
    1.9430254697799683,
    1.9323598146438599,
    1.9522013664245605,
    1.9602596759796143,
    1.9370527267456055,
    1.9037010669708252,
    1.9148736000061035,
    1.9245506525039673,
    1.9248539209365845,
    1.9182348251342773,
    1.9028630256652832,
    1.8933899402618408,
    1.918631911277771,
    1.9246909618377686,
    1.9200537204742432,
    1.9604073762893677,
    1.9292285442352295,
    1.9511677026748657,
    1.904854416847229,
    1.9132108688354492,
    1.9361004829406738,
    1.936233639717102,
    1.9287399053573608,
    1.9408776760101318,
    1.904967188835144,
    1.9392799139022827,
    1.930867314338684,
    1.9215590953826904,
    1.8933120965957642,
    1.9244118928909302,
    1.9481794834136963,
    1.9831794500350952,
    1.918409824371338,
    1.924983024597168,
    1.9340077638626099,
    1.9185870885849,
    1.933282732963562,
    1.9413713216781616,
    1.9354698657989502,
    1.9537533521652222,
    1.943574070930481,
    1.9213708639144897,
    1.9344966411590576,
    1.8944467306137085,
    1.946824312210083,
    1.9094021320343018,
    1.9163013696670532,
    1.9071356058120728,
    1.9397083520889282
  ],
  "val_loss_history": [
    2.5773372650146484,
    2.3482837677001953,
    2.3007028102874756,
    2.2774384021759033,
    2.1778693199157715,
    2.172614336013794,
    2.151132345199585,
    2.169678211212158,
    2.156820774078369,
    2.1696245670318604,
    2.1443614959716797,
    2.1451282501220703,
    2.0980770587921143,
    2.1170647144317627,
    2.1142423152923584,
    2.090379238128662,
    2.1449756622314453,
    2.101839780807495,
    2.0985631942749023,
    2.082180976867676,
    2.077146530151367,
    2.1374754905700684,
    2.0937044620513916,
    2.08809757232666,
    2.0912981033325195,
    2.0934698581695557,
    2.128004789352417,
    2.0861263275146484,
    2.0412726402282715,
    2.037357807159424,
    2.0613269805908203,
    2.0351181030273438,
    2.0237350463867188,
    2.0049734115600586,
    2.0027971267700195,
    1.9836833477020264,
    2.024444103240967,
    1.9860291481018066,
    1.9809560775756836,
    2.0164573192596436,
    1.9611207246780396,
    1.9891759157180786,
    1.9196181297302246,
    1.946178913116455,
    1.9983413219451904,
    1.9439582824707031,
    1.9534188508987427,
    1.973516821861267,
    1.9338955879211426,
    1.928739309310913,
    1.920578122138977,
    1.9334661960601807,
    1.941633939743042,
    1.9497522115707397,
    1.935225248336792,
    1.9568630456924438,
    1.9109585285186768,
    1.9493157863616943,
    1.923395037651062,
    1.9473191499710083,
    1.8977303504943848,
    1.9631588459014893,
    1.9371305704116821,
    1.9631556272506714,
    1.9111964702606201,
    1.9182326793670654,
    1.932511329650879,
    1.920019268989563,
    1.9162081480026245,
    1.8891246318817139,
    1.9234853982925415,
    1.9323235750198364,
    1.930172085762024,
    1.8888581991195679,
    1.9213604927062988,
    1.8978573083877563,
    1.8801605701446533,
    1.9208519458770752,
    1.9336429834365845,
    1.9104337692260742,
    1.9269685745239258,
    1.923192024230957,
    1.9159702062606812,
    1.9100995063781738,
    1.9011398553848267,
    1.9483609199523926,
    1.9265310764312744,
    1.8858559131622314,
    1.891414761543274,
    1.9214204549789429,
    1.927207589149475,
    1.9254788160324097,
    1.909861445426941,
    1.931912899017334,
    1.9251409769058228,
    1.9182490110397339,
    1.8430482149124146,
    1.860329031944275,
    1.918459177017212,
    1.9279462099075317,
    1.9013481140136719,
    1.9545626640319824,
    1.9027318954467773,
    1.963493824005127,
    1.928336501121521,
    1.9128109216690063,
    1.9308282136917114,
    1.8855279684066772,
    1.8808938264846802,
    1.8855605125427246,
    1.914839506149292,
    1.899607539176941,
    1.927467703819275,
    1.8683162927627563,
    1.9042251110076904,
    1.8939902782440186,
    1.9026319980621338,
    1.8832348585128784,
    1.8829156160354614,
    1.9240691661834717,
    1.888671875,
    1.8910529613494873,
    1.9096951484680176,
    1.8934763669967651,
    1.8890599012374878,
    1.882195234298706,
    1.9396159648895264,
    1.9065616130828857
  ],