{
  "vocab_size": 12,
  "step": 4700,
  "steps_for_plot": [
    0,
    200,
    400,
    600,
    800,
    1000,
    1200,
    1400,
    1600,
    1800,
    2000,
    2200,
    2400,
    2600,
    2800,
    3000,
    3200,
    3400,
    3600,
    3800,
    4000,
    4200,
    4400,
    4600
  ],
  "train_loss_history": [
    2.874727487564087,
    2.4585556983947754,
    2.3760509490966797,
    2.2740061283111572,
    2.2375235557556152,
    2.2189154624938965,
    2.1836984157562256,
    2.1781702041625977,
    2.169113874435425,
    2.165536880493164,
    2.1683547496795654,
    2.193120002746582,
    2.1563591957092285,
    2.152536392211914,
    2.146164655685425,
    2.1193151473999023,
    2.0988869667053223,
    2.1129729747772217,
    2.0844051837921143,
    2.0970189571380615,
    2.0938260555267334,
    2.052943468093872,
    2.069985866546631,
    2.0229501724243164
  ],
  "val_loss_history": [
    2.8570363521575928,
    2.459223508834839,
    2.353545904159546,
    2.2854859828948975,
    2.239367723464966,
    2.1986207962036133,
    2.1757009029388428,
    2.157984972000122,
    2.169724941253662,
    2.152365207672119,
    2.1528196334838867,
    2.1278538703918457,
    2.179751396179199,
    2.1349990367889404,
    2.109006881713867,
    2.1113715171813965,
    2.091043710708618,
    2.1201467514038086,
    2.078789472579956,
    2.086792230606079,
    2.066063165664673,
    2.0490832328796387,
    2.0343923568725586,
    2.067103862762451
  ],
  "rule_error_history": [
    0.7777777777777778,
    0.8271604938271605,
    0.8482142857142857,
    0.8434782608695652,
    0.84,
    0.832,
    0.7829457364341085,
    0.8523489932885906,
    0.8188976377952756,
    0.8424657534246576,
    0.8205128205128205,
    0.8166666666666667,
    0.7251908396946565,
    0.792,
    0.7938931297709924,
    0.7603305785123967,
    0.7786259541984732,
    0.7183098591549296,
    0.6821705426356589,
    0.7364341085271318,
    0.64,
    0.6946564885496184,
    0.6328125,
    0.6428571428571429
  ],
  "model_config": {
    "n_embd": 2,
    "block_size": 8,
    "num_heads": 1,
    "head_size": 2
  },
  "eval_interval": 200,
  "generated_sequences_e0": [
    [
      2,
      7,
      5,
      "+",
      7,
      7,
      8,
      10,
      4,
      1,
      10,
      4,
      6,
      1,
      5,
      7,
      1,
      10,
      10,
      1,
      10,
      3,
      9,
      5,
      "+",
      7,
      3,
      10,
      7,
      10,
      1,
      6,
      1,
      10,
      9
    ],
    [
      "+",
      7,
      9,
      4,
      "+",
      10,
      10,
      10,
      2,
      3,
      9,
      8,
      1,
      1,
      2,
      1,
      7,
      8,
      1,
      4,
      4,
      1,
      9,
      5,
      9,
      8,
      0,
      2,
      5,
      3,
      9,
      5,
      5,
      9,
      5,
      9,
      3
    ],
    [
      2,
      8,
      8,
      7,
      8,
      "+",
      10,
      5,
      10,
      7,
      0,
      10,
      10,
      0,
      9,
      1,
      2,
      0,
      10,
      5,
      10,
      2,
      3,
      10,
      0,
      7,
      6,
      5,
      0,
      10,
      0,
      2,
      10,
      5,
      8,
      4,
      4,
      10,
      9
    ],
    [
      10,
      7,
      8,
      "+",
      7,
      6,
      "+",
      9,
      2,
      0,
      4,
      5,
      9,
      10,
      7,
      4,
      4,
      10,
      "+",
      10,
      10,
      0
    ],
    [
      10,
      3,
      9,
      9,
      8,
      8,
      0,
      9,
      2,
      10,
      9,
      5,
      1,
      10,
      0,
      7,
      2,
      10,
      10,
      6,
      4,
      9,
      7,
      0,
      9,
      1,
      8,
      3,
      10,
      "+",
      10,
      9,
      1,
      10,
      5,
      4,
      10,
      "+",
      10,
      6,
      10,
      5,
      5,
      0,
      10,
      5,
      9,
      5,
      6
    ]
  ]
}