{
  "vocab_size": 12,
  "step": 500,
  "steps_for_plot": [
    0,
    200,
    400
  ],
  "train_loss_history": [
    2.874727487564087,
    2.4585556983947754,
    2.3760509490966797
  ],
  "val_loss_history": [
    2.8570363521575928,
    2.459223508834839,
    2.353545904159546
  ],
  "rule_error_history": [
    0.7777777777777778,
    0.8271604938271605,
    0.8482142857142857
  ],
  "model_config": {
    "n_embd": 2,
    "block_size": 8,
    "num_heads": 1,
    "head_size": 2
  },
  "eval_interval": 200,
  "generated_sequences_e0": [
    [
      2,
      7,
      5,
      "+",
      7,
      7,
      8,
      10,
      4,
      1,
      10,
      4,
      6,
      1,
      5,
      7,
      1,
      10,
      10,
      1,
      10,
      3,
      9,
      5,
      "+",
      7,
      3,
      10,
      7,
      10,
      1,
      6,
      1,
      10,
      9
    ],
    [
      "+",
      7,
      9,
      4,
      "+",
      10,
      10,
      10,
      2,
      3,
      9,
      8,
      1,
      1,
      2,
      1,
      7,
      8,
      1,
      4,
      4,
      1,
      9,
      5,
      9,
      8,
      0,
      2,
      5,
      3,
      9,
      5,
      5,
      9,
      5,
      9,
      3
    ],
    [
      2,
      8,
      8,
      7,
      8,
      "+",
      10,
      5,
      10,
      7,
      0,
      10,
      10,
      0,
      9,
      1,
      2,
      0,
      10,
      5,
      10,
      2,
      3,
      10,
      0,
      7,
      6,
      5,
      0,
      10,
      0,
      2,
      10,
      5,
      8,
      4,
      4,
      10,
      9
    ],
    [
      10,
      7,
      8,
      "+",
      7,
      6,
      "+",
      9,
      2,
      0,
      4,
      5,
      9,
      10,
      7,
      4,
      4,
      10,
      "+",
      10,
      10,
      0
    ],
    [
      10,
      3,
      9,
      9,
      8,
      8,
      0,
      9,
      2,
      10,
      9,
      5,
      1,
      10,
      0,
      7,
      2,
      10,
      10,
      6,
      4,
      9,
      7,
      0,
      9,
      1,
      8,
      3,
      10,
      "+",
      10,
      9,
      1,
      10,
      5,
      4,
      10,
      "+",
      10,
      6,
      10,
      5,
      5,
      0,
      10,
      5,
      9,
      5,
      6
    ]
  ]
}