{
  "vocab_size": 11,
  "step": 36200,
  "steps_for_plot": [
    0,
    200,
    400,
    600,
    800,
    1000,
    1200,
    1400,
    1600,
    1800,
    2000,
    2200,
    2400,
    2600,
    2800,
    3000,
    3200,
    3400,
    3600,
    3800,
    4000,
    4200,
    4400,
    4600,
    4800,
    5000,
    5200,
    5400,
    5600,
    5800,
    6000,
    6200,
    6400,
    6600,
    6800,
    7000,
    7200,
    7400,
    7600,
    7800,
    8000,
    8200,
    8400,
    8600,
    8800,
    9000,
    9200,
    9400,
    9600,
    9800,
    10000,
    10200,
    10400,
    10600,
    10800,
    11000,
    11200,
    11400,
    11600,
    11800,
    12000,
    12200,
    12400,
    12600,
    12800,
    13000,
    13200,
    13400,
    13600,
    13800,
    14000,
    14200,
    14400,
    14600,
    14800,
    15000,
    15200,
    15400,
    15600,
    15800,
    16000,
    16200,
    16400,
    16600,
    16800,
    17000,
    17200,
    17400,
    17600,
    17800,
    18000,
    18200,
    18400,
    18600,
    18800,
    19000,
    19200,
    19400,
    19600,
    19800,
    20000,
    20200,
    20400,
    20600,
    20800,
    21000,
    21200,
    21400,
    21600,
    21800,
    22000,
    22200,
    22400,
    22600,
    22800,
    23000,
    23200,
    23400,
    23600,
    23800,
    24000,
    24200,
    24400,
    24600,
    24800,
    25000,
    25200,
    25400,
    25600,
    25800,
    26000,
    26200,
    26400,
    26600,
    26800,
    27000,
    27200,
    27400,
    27600,
    27800,
    28000,
    28200,
    28400,
    28600,
    28800,
    29000,
    29200,
    29400,
    29600,
    29800,
    30000,
    30200,
    30400,
    30600,
    30800,
    31000,
    31200,
    31400,
    31600,
    31800,
    32000,
    32200,
    32400,
    32600,
    32800,
    33000,
    33200,
    33400,
    33600,
    33800,
    34000,
    34200,
    34400,
    34600,
    34800,
    35000,
    35200,
    35400,
    35600,
    35800,
    36000,
    36200
  ],
  "train_loss_history": [
    2.4067389965057373,
    2.2838704586029053,
    2.1993660926818848,
    2.2035672664642334,
    2.2156195640563965,
    2.2017605304718018,
    2.1949474811553955,
    2.1573054790496826,
    2.1453027725219727,
    2.1142635345458984,
    2.150775671005249,
    2.0848617553710938,
    2.099738836288452,
    2.130283832550049,
    2.093651533126831,
    2.113602638244629,
    2.090217351913452,
    2.123939275741577,
    2.085651159286499,
    2.057429790496826,
    2.107205390930176,
    2.0677902698516846,
    2.0081913471221924,
    1.9984409809112549,
    2.110020637512207,
    2.0264899730682373,
    2.034648895263672,
    2.0612707138061523,
    2.0702602863311768,
    2.0469110012054443,
    2.06083083152771,
    1.993210792541504,
    2.041577100753784,
    1.9863642454147339,
    2.037896156311035,
    2.036578893661499,
    2.03572154045105,
    2.0457282066345215,
    2.053980827331543,
    1.9657272100448608,
    2.0129811763763428,
    1.9381844997406006,
    2.0118720531463623,
    2.0199153423309326,
    1.9931957721710205,
    2.018963575363159,
    2.0104660987854004,
    1.9899247884750366,
    1.9409250020980835,
    1.9906078577041626,
    2.009038209915161,
    2.000272750854492,
    1.9100860357284546,
    1.946183204650879,
    1.9401696920394897,
    1.961516261100769,
    1.9348220825195312,
    1.9419136047363281,
    1.9129704236984253,
    1.931191086769104,
    1.9043211936950684,
    1.935645580291748,
    1.9421892166137695,
    1.9024689197540283,
    1.886254906654358,
    1.8983850479125977,
    1.8850371837615967,
    1.8605326414108276,
    1.9035568237304688,
    1.8557490110397339,
    1.9114422798156738,
    1.9098153114318848,
    1.8553200960159302,
    1.8776612281799316,
    1.9014713764190674,
    1.8450225591659546,
    1.837852954864502,
    1.7992982864379883,
    1.8263986110687256,
    1.7913225889205933,
    1.8265286684036255,
    1.7720587253570557,
    1.804495096206665,
    1.8049625158309937,
    1.7829699516296387,
    1.8362737894058228,
    1.8156869411468506,
    1.8041845560073853,
    1.7688395977020264,
    1.7670913934707642,
    1.744531273841858,
    1.745337724685669,
    1.7570087909698486,
    1.7627763748168945,
    1.7601890563964844,
    1.7571548223495483,
    1.731730341911316,
    1.713889479637146,
    1.689255714416504,
    1.7752981185913086,
    1.7016668319702148,
    1.7359797954559326,
    1.7594937086105347,
    1.7074049711227417,
    1.7775448560714722,
    1.7481167316436768,
    1.7596724033355713,
    1.697504997253418,
    1.6972935199737549,
    1.6963088512420654,
    1.6965646743774414,
    1.670684814453125,
    1.6535433530807495,
    1.7066632509231567,
    1.6919445991516113,
    1.7260687351226807,
    1.7032065391540527,
    1.6665829420089722,
    1.6862473487854004,
    1.6626636981964111,
    1.640418291091919,
    1.6842297315597534,
    1.6505934000015259,
    1.6431875228881836,
    1.67719304561615,
    1.6741485595703125,
    1.7060275077819824,
    1.6182671785354614,
    1.5754836797714233,
    1.6617588996887207,
    1.566087007522583,
    1.631097674369812,
    1.7053883075714111,
    1.6235066652297974,
    1.606908917427063,
    1.6637606620788574,
    1.6432119607925415,
    1.619992971420288,
    1.6456327438354492,
    1.556483268737793,
    1.5855196714401245,
    1.6400812864303589,
    1.6117151975631714,
    1.6884129047393799,
    1.642038106918335,
    1.6222413778305054,
    1.5630607604980469,
    1.5858529806137085,
    1.6628564596176147,
    1.611796259880066,
    1.6056857109069824,
    1.5951485633850098,
    1.550856113433838,
    1.5685513019561768,
    1.6115210056304932,
    1.5841370820999146,
    1.674778699874878,
    1.580098271369934,
    1.6268543004989624,
    1.6223320960998535,
    1.65321946144104,
    1.6004002094268799,
    1.6237907409667969,
    1.5688194036483765,
    1.643621563911438,
    1.6423349380493164,
    1.6285526752471924,
    1.6034560203552246,
    1.6615582704544067,
    1.6231029033660889,
    1.606604814529419,
    1.6227591037750244,
    1.6298387050628662,
    1.618332862854004,
    1.573209285736084,
    1.6084587574005127,
    1.648576259613037,
    1.621964454650879,
    1.5933741331100464,
    1.6010278463363647,
    1.59055495262146,
    1.637760877609253
  ],