{
  "vocab_size": 11,
  "step": 1800,
  "steps_for_plot": [
    0,
    200,
    400,
    600,
    800,
    1000,
    1200,
    1400,
    1600,
    1800
  ],
  "train_loss_history": [
    2.708566188812256,
    2.375298261642456,
    2.297987222671509,
    2.2626655101776123,
    2.226687431335449,
    2.167118787765503,
    2.149317979812622,
    2.096088171005249,
    2.085466146469116,
    2.074021816253662
  ],
  "val_loss_history": [
    2.6985466480255127,
    2.380509614944458,
    2.3177239894866943,
    2.2742114067077637,
    2.244112491607666,
    2.202413320541382,
    2.1332082748413086,
    2.11460018157959,
    2.102766513824463,
    2.112262010574341
  ],
  "rule_error_history": [
    0.631578947368421,
    0.8767123287671232,
    0.8543689320388349,
    0.8495575221238938,
    0.8738738738738738,
    0.8303571428571429,
    0.7819548872180451,
    0.6985294117647058,
    0.832,
    0.75
  ],
  "model_config": {
    "n_embd": 2,
    "block_size": 12,
    "num_heads": 1,
    "head_size": 2
  },
  "eval_interval": 200,
  "generated_sequences_e0": [
    [
      8,
      6,
      5,
      5,
      5,
      0,
      2,
      5,
      7,
      "+",
      1,
      9,
      8,
      "+",
      6,
      "+",
      "+",
      6,
      4,
      4,
      6,
      4,
      2,
      2,
      2,
      2,
      2,
      4,
      "+",
      "+"
    ],
    [
      1,
      4,
      5,
      5,
      5,
      5,
      2,
      "+",
      2,
      5,
      9,
      5,
      5,
      6,
      9,
      8,
      2,
      4,
      2,
      2,
      0,
      2,
      "+",
      5,
      "+",
      2,
      2,
      7,
      8,
      4,
      1,
      6,
      4,
      2
    ],
    [
      3,
      2,
      2,
      7,
      4,
      1,
      3,
      "+",
      4,
      7,
      "+",
      9,
      4,
      2,
      2,
      5,
      "+",
      2,
      2,
      9,
      4,
      4,
      2,
      9,
      1,
      4
    ],
    [
      1,
      6,
      0,
      6,
      7,
      6,
      "+",
      2,
      "+",
      8,
      2,
      5,
      4,
      6,
      3,
      2,
      4,
      7,
      "+",
      9,
      "+",
      2,
      3,
      4,
      5,
      2,
      5,
      5,
      0,
      2,
      4,
      1,
      7,
      2,
      "+",
      "+",
      2,
      9,
      9,
      3,
      2,
      6,
      2,
      5
    ],
    [
      4,
      2,
      "+",
      0,
      9,
      6,
      4,
      5,
      "+",
      5,
      6,
      "+",
      2,
      1,
      2,
      5,
      5,
      2,
      2,
      9,
      8,
      2,
      "+",
      2,
      3,
      4,
      1,
      "+"
    ]
  ]
}