{
  "vocab_size": 11,
  "step": 5000,
  "steps_for_plot": [
    0,
    200,
    400,
    600,
    800,
    1000,
    1200,
    1400,
    1600,
    1800,
    2000,
    2200,
    2400,
    2600,
    2800,
    3000,
    3200,
    3400,
    3600,
    3800,
    4000,
    4200,
    4400,
    4600,
    4800,
    5000
  ],
  "train_loss_history": [
    2.7834243774414062,
    2.3761332035064697,
    2.273571014404297,
    2.2719717025756836,
    2.2625820636749268,
    2.259765863418579,
    2.190659523010254,
    2.1234538555145264,
    2.1143994331359863,
    2.1038124561309814,
    2.083815574645996,
    2.0728037357330322,
    2.077143907546997,
    2.066709041595459,
    2.0982422828674316,
    2.0814361572265625,
    2.0722224712371826,
    2.070744752883911,
    2.089820146560669,
    2.088667154312134,
    2.0749900341033936,
    2.071078300476074,
    2.068094253540039,
    2.072357416152954,
    2.0343034267425537,
    2.044623851776123
  ],
  "val_loss_history": [
    2.7811574935913086,
    2.3850395679473877,
    2.2942311763763428,
    2.2733254432678223,
    2.2744383811950684,
    2.236727714538574,
    2.20829439163208,
    2.1616404056549072,
    2.121316909790039,
    2.0968692302703857,
    2.0917036533355713,
    2.1239516735076904,
    2.1105573177337646,
    2.122126817703247,
    2.0983707904815674,
    2.0991547107696533,
    2.099390983581543,
    2.0889225006103516,
    2.0880467891693115,
    2.106215476989746,
    2.1050593852996826,
    2.1108288764953613,
    2.0835323333740234,
    2.075472116470337,
    2.062340021133423,
    2.055044651031494
  ],
  "rule_error_history": [
    0.7931034482758621,
    0.8115942028985508,
    0.6814814814814815,
    0.6363636363636364,
    0.6862745098039216,
    0.6690140845070423,
    0.751937984496124,
    0.75,
    0.7443609022556391,
    0.78125,
    0.7777777777777778,
    0.7307692307692307,
    0.7692307692307693,
    0.7238805970149254,
    0.7338709677419355,
    0.8083333333333333,
    0.75177304964539,
    0.7560975609756098,
    0.7131147540983607,
    0.7049180327868853,
    0.7573529411764706,
    0.7387387387387387,
    0.7217391304347827,
    0.7518248175182481,
    0.6106870229007634,
    0.6956521739130435
  ],
  "model_config": {
    "n_embd": 2,
    "block_size": 12,
    "num_heads": 1,
    "head_size": 2
  },
  "eval_interval": 200,
  "generated_sequences_e0": [
    [
      9,
      3,
      8,
      2,
      8,
      6,
      3,
      2,
      4,
      7,
      7,
      5,
      5,
      7,
      3,
      7,
      7,
      3,
      1,
      7,
      3,
      "+",
      2,
      6,
      7,
      "+",
      2,
      4,
      7,
      7,
      1,
      6,
      4,
      0,
      "+",
      6,
      7,
      6,
      7,
      6,
      7,
      8,
      3,
      6,
      "+",
      0,
      1,
      7
    ],
    [
      9,
      8,
      9,
      9,
      5,
      2,
      7,
      5,
      7,
      9,
      5,
      1,
      7,
      3,
      1,
      7,
      0,
      1,
      7,
      9,
      4,
      0,
      7,
      1,
      8,
      7,
      4,
      1,
      0,
      0,
      7,
      7,
      8,
      7,
      6,
      1,
      1,
      8,
      9
    ],
    [
      5,
      7,
      3,
      8,
      5,
      3,
      4,
      3,
      7,
      5,
      7,
      "+",
      7,
      4,
      8,
      3,
      7,
      6,
      1,
      4,
      7,
      6,
      7,
      3,
      0,
      1,
      2,
      0,
      8,
      8,
      1,
      8,
      1,
      0,
      4,
      7,
      7,
      5,
      0,
      6,
      6
    ],
    [
      7,
      0,
      8,
      3,
      7,
      5,
      3,
      7,
      7,
      6,
      8,
      1,
      8,
      7,
      4,
      3,
      7,
      5,
      "+",
      0,
      0,
      8,
      4,
      0,
      6,
      "+",
      0,
      7,
      6,
      0,
      7,
      8,
      4,
      0,
      7,
      0,
      4,
      5,
      8,
      7
    ],
    [
      3,
      6,
      0,
      8,
      0,
      8,
      5,
      0,
      7,
      2,
      "+",
      3,
      1,
      3,
      7,
      6,
      1,
      8,
      3,
      1,
      6,
      7,
      3,
      7,
      6,
      5,
      2,
      1
    ]
  ]
}