{
  "vocab_size": 12,
  "step": 6600,
  "steps_for_plot": [
    0,
    200,
    400,
    600,
    800,
    1000,
    1200,
    1400,
    1600,
    1800,
    2000,
    2200,
    2400,
    2600,
    2800,
    3000,
    3200,
    3400,
    3600,
    3800,
    4000,
    4200,
    4400,
    4600,
    4800,
    5000,
    5200,
    5400,
    5600,
    5800,
    6000,
    6200,
    6400,
    6600
  ],
  "train_loss_history": [
    2.8673877716064453,
    2.470902919769287,
    2.371462345123291,
    2.304940700531006,
    2.217996120452881,
    2.2194507122039795,
    2.205103874206543,
    2.1817853450775146,
    2.1779563426971436,
    2.176330804824829,
    2.163536310195923,
    2.174462080001831,
    2.163353681564331,
    2.1566693782806396,
    2.1639232635498047,
    2.161787986755371,
    2.097663640975952,
    2.139728307723999,
    2.1090662479400635,
    2.070012092590332,
    2.093808650970459,
    2.063563585281372,
    2.0656492710113525,
    2.077345848083496,
    2.0761876106262207,
    2.063901424407959,
    2.036177158355713,
    2.0145070552825928,
    2.0014150142669678,
    2.0009000301361084,
    1.9672927856445312,
    2.0151450634002686,
    1.9765516519546509,
    2.0009310245513916
  ],
  "val_loss_history": [
    2.9148266315460205,
    2.4575486183166504,
    2.357844352722168,
    2.306601047515869,
    2.252619981765747,
    2.211134672164917,
    2.2035844326019287,
    2.1988885402679443,
    2.168929100036621,
    2.1843202114105225,
    2.1660845279693604,
    2.1666810512542725,
    2.17919921875,
    2.171780586242676,
    2.1382901668548584,
    2.1403563022613525,
    2.1175103187561035,
    2.066558599472046,
    2.0773911476135254,
    2.1220457553863525,
    2.0784313678741455,
    2.1012070178985596,
    2.081468105316162,
    2.0658020973205566,
    2.027167558670044,
    2.038560152053833,
    2.039426565170288,
    2.011843204498291,
    2.0295560359954834,
    2.027297019958496,
    2.0082292556762695,
    1.9730710983276367,
    1.9399592876434326,
    1.9653358459472656
  ],
  "rule_error_history": [
    0.7567567567567568,
    0.8414634146341463,
    0.8333333333333334,
    0.8198198198198198,
    0.7966101694915254,
    0.8416666666666667,
    0.8130081300813008,
    0.8562091503267973,
    0.8,
    0.8311688311688312,
    0.8166666666666667,
    0.7984496124031008,
    0.7443609022556391,
    0.7967479674796748,
    0.8015873015873016,
    0.8188976377952756,
    0.7795275590551181,
    0.7803030303030303,
    0.7272727272727273,
    0.7557251908396947,
    0.6842105263157895,
    0.7226277372262774,
    0.7165354330708661,
    0.6587301587301587,
    0.717741935483871,
    0.6888888888888889,
    0.6783216783216783,
    0.5254237288135594,
    0.5241935483870968,
    0.4772727272727273,
    0.49324324324324326,
    0.4244604316546763,
    0.4222222222222222,
    0.39655172413793105
  ],
  "model_config": {
    "n_embd": 2,
    "block_size": 8,
    "num_heads": 1,
    "head_size": 2
  },
  "eval_interval": 200,
  "generated_sequences_e0": [
    [
      10,
      7,
      5,
      "+",
      7,
      7,
      8,
      10,
      4,
      1,
      10,
      4,
      6,
      1,
      5,
      7,
      1,
      10,
      10,
      1,
      10,
      3,
      9,
      5,
      "+",
      7,
      3,
      10,
      7,
      10,
      1,
      6,
      1,
      10
    ],
    [
      3,
      9,
      7,
      9,
      "+",
      3,
      10,
      10,
      10,
      2,
      3,
      9,
      8,
      1,
      1,
      2,
      1,
      7,
      8,
      1,
      4,
      4,
      1,
      9,
      5,
      9,
      8,
      0,
      2,
      5
    ],
    [
      "+",
      3,
      7,
      6,
      5,
      9,
      5,
      7,
      4,
      10,
      10,
      9,
      8,
      "+",
      10,
      5,
      10,
      7,
      "+",
      10,
      10,
      0,
      9,
      1,
      2,
      0,
      10,
      5,
      10,
      2,
      3,
      10
    ],
    [
      7,
      7,
      7,
      6,
      5,
      "+",
      10,
      "+",
      2,
      10,
      5,
      8,
      4,
      4,
      10,
      9,
      1,
      10,
      "+",
      7,
      6,
      "+",
      9,
      2,
      0,
      4
    ],
    [
      10,
      7,
      7,
      3,
      7,
      4,
      4,
      7,
      6,
      0,
      10,
      0,
      10,
      9,
      10,
      9,
      9,
      0,
      9,
      2,
      10,
      9,
      5,
      1,
      10,
      0,
      7,
      2,
      10,
      10,
      6
    ]
  ]
}