{
  "vocab_size": 11,
  "step": 100,
  "steps_for_plot": [
    0
  ],
  "train_loss_history": [
    2.4067389965057373
  ],
  "val_loss_history": [
    2.398946762084961
  ],
  "rule_error_history": [
    0.9072164948453608
  ],
  "model_config": {
    "n_embd": 2,
    "block_size": 8,
    "num_heads": 1,
    "head_size": 2,
    "use_residual": true
  },
  "eval_interval": 200,
  "generated_sequences_e0": [
    [
      3,
      1,
      7,
      0,
      1,
      7,
      4,
      7,
      6,
      8,
      8,
      0,
      9,
      2,
      8,
      7,
      8,
      5,
      7,
      9,
      9,
      7,
      7,
      3,
      2,
      2,
      1,
      6,
      1,
      4,
      9,
      0,
      10,
      8,
      2
    ],
    [
      4,
      2,
      3,
      2,
      0,
      7,
      9,
      2,
      1,
      7,
      9,
      9,
      3,
      5,
      3,
      0,
      1,
      2,
      7,
      6,
      2,
      0,
      3,
      7,
      9,
      5,
      2,
      7,
      5,
      9,
      4,
      9,
      8,
      5,
      2,
      4,
      7,
      0,
      4,
      6,
      8,
      5,
      4
    ],
    [
      6,
      1,
      8,
      2,
      0,
      3,
      10,
      5,
      8,
      8,
      1,
      2,
      7,
      7,
      9,
      7,
      8,
      7,
      2,
      0,
      7,
      9,
      3,
      6,
      5,
      1,
      4,
      10,
      5,
      2,
      2,
      10,
      7,
      7,
      4,
      5,
      6,
      1,
      6,
      7,
      1,
      2,
      1,
      1,
      8,
      2,
      0,
      9,
      4
    ],
    [
      5,
      10,
      10,
      4,
      9,
      7,
      0,
      9,
      7,
      7,
      1,
      10,
      2,
      1,
      10,
      1,
      0,
      7,
      9,
      9,
      2,
      3,
      0,
      6,
      1,
      5,
      10,
      9,
      3,
      2,
      1,
      4,
      7,
      2,
      1,
      4,
      6,
      4
    ],
    [
      8,
      2,
      9,
      3,
      1,
      10,
      4,
      2,
      4,
      2,
      2,
      4,
      5,
      2,
      5,
      7,
      3,
      7,
      7,
      3,
      2,
      8,
      7,
      4,
      10,
      7,
      7,
      1,
      7,
      9,
      6,
      2,
      4,
      7,
      1,
      2,
      0,
      10
    ]
  ]
}