{
  "vocab_size": 12,
  "step": 19300,
  "steps_for_plot": [
    0,
    200,
    400,
    600,
    800,
    1000,
    1200,
    1400,
    1600,
    1800,
    2000,
    2200,
    2400,
    2600,
    2800,
    3000,
    3200,
    3400,
    3600,
    3800,
    4000,
    4200,
    4400,
    4600,
    4800,
    5000,
    5200,
    5400,
    5600,
    5800,
    6000,
    6200,
    6400,
    6600,
    6800,
    7000,
    7200,
    7400,
    7600,
    7800,
    8000,
    8200,
    8400,
    8600,
    8800,
    9000,
    9200,
    9400,
    9600,
    9800,
    10000,
    10200,
    10400,
    10600,
    10800,
    11000,
    11200,
    11400,
    11600,
    11800,
    12000,
    12200,
    12400,
    12600,
    12800,
    13000,
    13200,
    13400,
    13600,
    13800,
    14000,
    14200,
    14400,
    14600,
    14800,
    15000,
    15200,
    15400,
    15600,
    15800,
    16000,
    16200,
    16400,
    16600,
    16800,
    17000,
    17200,
    17400,
    17600,
    17800,
    18000,
    18200,
    18400,
    18600,
    18800,
    19000,
    19200
  ],
  "train_loss_history": [
    2.7877461910247803,
    2.4458436965942383,
    2.3719489574432373,
    2.3324289321899414,
    2.2984671592712402,
    2.2823681831359863,
    2.2117154598236084,
    2.211641550064087,
    2.1893765926361084,
    2.159180164337158,
    2.1812191009521484,
    2.1588196754455566,
    2.1667332649230957,
    2.182417869567871,
    2.159921646118164,
    2.1559157371520996,
    2.1297824382781982,
    2.1421749591827393,
    2.1657533645629883,
    2.1334869861602783,
    2.1428840160369873,
    2.1179287433624268,
    2.1454288959503174,
    2.1477062702178955,
    2.1074819564819336,
    2.145746946334839,
    2.1153626441955566,
    2.109712839126587,
    2.126837968826294,
    2.0992543697357178,
    2.142667770385742,
    2.1190624237060547,
    2.12530255317688,
    2.1029515266418457,
    2.1059014797210693,
    2.1332340240478516,
    2.0899598598480225,
    2.091691732406616,
    2.1177124977111816,
    2.143148899078369,
    2.1094443798065186,
    2.107459545135498,
    2.100248336791992,
    2.1421518325805664,
    2.1242361068725586,
    2.1017017364501953,
    2.104782819747925,
    2.103778123855591,
    2.1244938373565674,
    2.118386745452881,
    2.0771257877349854,
    2.0944151878356934,
    2.1165525913238525,
    2.104763984680176,
    2.1092681884765625,
    2.088224411010742,
    2.1355488300323486,
    2.0871851444244385,
    2.142782211303711,
    2.086599349975586,
    2.1095893383026123,
    2.123042345046997,
    2.0801010131835938,
    2.088900089263916,
    2.1052966117858887,
    2.077029228210449,
    2.1014537811279297,
    2.08769154548645,
    2.0752837657928467,
    2.105477809906006,
    2.0967483520507812,
    2.0724990367889404,
    2.089921236038208,
    2.068556308746338,
    2.0761585235595703,
    2.067948579788208,
    2.093397855758667,
    2.1097452640533447,
    2.091280937194824,
    2.0787267684936523,
    2.065699577331543,
    2.085430383682251,
    2.0877432823181152,
    2.077119827270508,
    2.0436556339263916,
    2.0520856380462646,
    2.0435452461242676,
    2.042384624481201,
    2.0258970260620117,
    2.020693302154541,
    2.0026588439941406,
    2.0141518115997314,
    2.015226125717163,
    2.011258602142334,
    2.0324037075042725,
    2.019620656967163,
    2.0357205867767334
  ],
  "val_loss_history": [
    2.805147171020508,
    2.4287781715393066,
    2.352771043777466,
    2.335662364959717,
    2.2857298851013184,
    2.2553892135620117,
    2.1885921955108643,
    2.184849500656128,
    2.1700220108032227,
    2.178360939025879,
    2.1776480674743652,
    2.181683301925659,
    2.149674654006958,
    2.1734602451324463,
    2.1672744750976562,
    2.144982099533081,
    2.186591148376465,
    2.149069309234619,
    2.143293857574463,
    2.1147584915161133,
    2.1110544204711914,
    2.161513090133667,
    2.1211659908294678,
    2.1091537475585938,
    2.114957094192505,
    2.1154298782348633,
    2.146994113922119,
    2.1198694705963135,
    2.0867273807525635,
    2.094564437866211,
    2.113921880722046,
    2.1046345233917236,
    2.1084678173065186,
    2.096860885620117,
    2.0899136066436768,
    2.0989434719085693,
    2.122218132019043,
    2.0900063514709473,
    2.0940544605255127,
    2.138469934463501,
    2.090675115585327,
    2.1064367294311523,
    2.0650479793548584,
    2.082033157348633,
    2.1220316886901855,
    2.0810160636901855,
    2.1032509803771973,
    2.1131086349487305,
    2.103506088256836,
    2.0830881595611572,
    2.080085515975952,
    2.110776424407959,
    2.109196662902832,
    2.1152007579803467,
    2.1011617183685303,
    2.1175997257232666,
    2.0747904777526855,
    2.118999719619751,
    2.097949743270874,
    2.110668420791626,
    2.0827159881591797,
    2.1114025115966797,
    2.102595329284668,
    2.107440710067749,
    2.079442024230957,
    2.0871706008911133,
    2.0970849990844727,
    2.072009325027466,
    2.0936810970306396,
    2.064110517501831,
    2.0831336975097656,
    2.106354236602783,
    2.0745651721954346,
    2.054886817932129,
    2.076953649520874,
    2.0636205673217773,
    2.0352861881256104,
    2.072943687438965,
    2.0775985717773438,
    2.0729165077209473,
    2.0655710697174072,
    2.0657012462615967,
    2.061516046524048,
    2.0488219261169434,
    2.0395069122314453,
    2.079913854598999,
    2.060513973236084,
    2.006016969680786,
    2.019817590713501,
    2.027597188949585,
    2.02365779876709,
    2.0264945030212402,
    1.9980435371398926,
    2.0231664180755615,
    2.0131170749664307,
    1.998923897743225,
    1.9429059028625488
  ],
  "rule_error_history": [
    0.7235772357723578,
    0.776595744680851,
    0.8584070796460177,
    0.8305084745762712,
    0.8768115942028986,
    0.8625954198473282,
    0.7829457364341085,
    0.7841726618705036,
    0.8373983739837398,
    0.7443609022556391,
    0.7380952380952381,
    0.8148148148148148,
    0.75,
    0.768,
    0.7535211267605634,
    0.8134328358208955,
    0.7923076923076923,
    0.8305084745762712,
    0.8394160583941606,
    0.8130081300813008,
    0.7727272727272727,
    0.7241379310344828,
    0.7111111111111111,
    0.7265625,
    0.7913669064748201,
    0.6715328467153284,
    0.75,
    0.7846153846153846,
    0.7642857142857142,
    0.7890625,
    0.671875,
    0.6410256410256411,
    0.6666666666666666,
    0.7253521126760564,
    0.7463768115942029,
    0.7016129032258065,
    0.7333333333333333,
    0.7230769230769231,
    0.7218045112781954,
    0.7480916030534351,
    0.7669172932330827,
    0.717391304347826,
    0.6814814814814815,
    0.6928571428571428,
    0.7480916030534351,
    0.6953125,
    0.7642276422764228,
    0.5970149253731343,
    0.7131782945736435,
    0.6567164179104478,
    0.7251908396946565,
    0.7318840579710145,
    0.76,
    0.6312056737588653,
    0.6739130434782609,
    0.7007874015748031,
    0.75,
    0.6744186046511628,
    0.704,
    0.7230769230769231,
    0.6906474820143885,
    0.6585365853658537,
    0.706766917293233,
    0.6666666666666666,
    0.703125,
    0.6754966887417219,
    0.6190476190476191,
    0.6724137931034483,
    0.6597222222222222,
    0.6693548387096774,
    0.6946564885496184,
    0.6311475409836066,
    0.6938775510204082,
    0.7407407407407407,
    0.7166666666666667,
    0.6906474820143885,
    0.6178861788617886,
    0.6811594202898551,
    0.7058823529411765,
    0.6328125,
    0.6616541353383458,
    0.6953125,
    0.6929133858267716,
    0.6290322580645161,
    0.5571428571428572,
    0.6891891891891891,
    0.6,
    0.640625,
    0.6737588652482269,
    0.635593220338983,
    0.47413793103448276,
    0.6,
    0.5735294117647058,
    0.5039370078740157,
    0.3880597014925373,
    0.5891472868217055,
    0.5041322314049587
  ],
  "model_config": {
    "n_embd": 2,
    "block_size": 8,
    "num_heads": 1,
    "head_size": 2
  },
  "eval_interval": 200,