{
  "vocab_size": 12,
  "step": 400,
  "steps_for_plot": [
    0,
    200,
    400
  ],
  "train_loss_history": [
    2.7877461910247803,
    2.4458436965942383,
    2.3719489574432373
  ],
  "val_loss_history": [
    2.805147171020508,
    2.4287781715393066,
    2.352771043777466
  ],
  "rule_error_history": [
    0.7235772357723578,
    0.776595744680851,
    0.8584070796460177
  ],
  "model_config": {
    "n_embd": 2,
    "block_size": 8,
    "num_heads": 1,
    "head_size": 2
  },
  "eval_interval": 200,
  "generated_sequences_e0": [
    [
      6,
      2,
      "+",
      8,
      9,
      0,
      2,
      2,
      "+",
      1,
      2,
      2,
      "+",
      8,
      "+",
      "+",
      9,
      10,
      "+",
      2,
      "+",
      2,
      2,
      2,
      2,
      2,
      "+",
      "+",
      "+",
      2,
      2,
      2,
      "+",
      2,
      2,
      2,
      "+",
      2,
      2,
      2,
      "+",
      2,
      2,
      "+",
      5
    ],
    [
      0,
      2,
      9,
      9,
      9,
      2,
      "+",
      0,
      3,
      2,
      2,
      2,
      "+",
      "+",
      2,
      "+",
      9,
      10,
      2,
      1,
      5,
      "+",
      0,
      6
    ],
    [
      "+",
      3,
      5,
      2,
      2,
      2,
      3,
      0,
      5,
      2,
      1,
      9,
      0,
      0,
      2,
      7,
      2,
      7,
      "+",
      2,
      2,
      "+",
      "+",
      0,
      2,
      9,
      6,
      0,
      2,
      3,
      2,
      2,
      "+",
      2,
      "+",
      "+",
      9
    ],
    [
      5,
      2,
      2,
      7,
      "+",
      5,
      7,
      2,
      "+",
      5,
      2,
      2,
      "+",
      5,
      "+",
      2,
      "+",
      2,
      "+",
      2,
      7,
      2,
      2,
      2,
      "+",
      0,
      6,
      0,
      2,
      2,
      2,
      "+",
      5,
      "+",
      "+",
      2,
      "+",
      0,
      2,
      "+",
      5,
      "+",
      1,
      1,
      1
    ],
    [
      5,
      1,
      6,
      5,
      "+",
      0,
      0,
      5,
      3,
      2,
      2,
      "+",
      5,
      2,
      2,
      2,
      2,
      2,
      1,
      2,
      2,
      "+",
      "+",
      5,
      2,
      2,
      5
    ]
  ]
}