{
  "vocab_size": 12,
  "step": 400,
  "steps_for_plot": [
    0,
    200,
    400
  ],
  "train_loss_history": [
    2.5834195613861084,
    2.3632280826568604,
    2.3283157348632812
  ],
  "val_loss_history": [
    2.5773372650146484,
    2.3482837677001953,
    2.3007028102874756
  ],
  "rule_error_history": [
    0.8888888888888888,
    0.819047619047619,
    0.875
  ],
  "model_config": {
    "n_embd": 2,
    "block_size": 8,
    "num_heads": 1,
    "head_size": 2
  },
  "eval_interval": 200,
  "generated_sequences_e0": [
    [
      6,
      2,
      1,
      8,
      9,
      0,
      4,
      2,
      "+",
      1,
      2,
      2,
      "+",
      8,
      6,
      "+",
      9,
      10,
      5,
      6,
      1,
      2,
      2,
      9,
      5,
      6,
      1,
      6,
      4,
      2,
      2,
      2,
      8,
      2,
      5,
      7,
      6,
      2,
      2,
      2,
      2,
      2,
      3,
      9,
      5
    ],
    [
      0,
      2,
      9,
      2,
      9,
      2,
      9,
      6,
      3,
      10,
      5,
      2,
      "+",
      7,
      2,
      "+",
      9,
      10,
      2,
      1,
      5,
      2,
      0,
      6
    ],
    [
      "+",
      3,
      2,
      3,
      1,
      6,
      3,
      6,
      4,
      2,
      1,
      4,
      0,
      1,
      2,
      7,
      2,
      7,
      4,
      2,
      5,
      3,
      1,
      0,
      1,
      9,
      6,
      3,
      4,
      3,
      2,
      9,
      4,
      3,
      1,
      "+",
      1
    ],
    [
      5,
      2,
      2,
      7,
      8,
      9,
      7,
      2,
      1,
      5,
      2,
      8,
      6,
      5,
      0,
      2,
      3,
      2,
      "+",
      2,
      7,
      2,
      9,
      8,
      1,
      0,
      6,
      0,
      10,
      6,
      2,
      "+",
      1,
      4,
      2,
      1,
      2,
      7,
      2,
      1,
      4,
      10,
      1,
      1,
      1
    ],
    [
      5,
      1,
      5,
      10,
      "+",
      2,
      8,
      5,
      3,
      2,
      4,
      9,
      6,
      2,
      2,
      6,
      2,
      2,
      1,
      2,
      2,
      6,
      "+",
      5,
      6,
      0,
      5
    ]
  ]
}