{
  "vocab_size": 11,
  "step": 31000,
  "steps_for_plot": [
    0,
    200,
    400,
    600,
    800,
    1000,
    1200,
    1400,
    1600,
    1800,
    2000,
    2200,
    2400,
    2600,
    2800,
    3000,
    3200,
    3400,
    3600,
    3800,
    4000,
    4200,
    4400,
    4600,
    4800,
    5000,
    5200,
    5400,
    5600,
    5800,
    6000,
    6200,
    6400,
    6600,
    6800,
    7000,
    7200,
    7400,
    7600,
    7800,
    8000,
    8200,
    8400,
    8600,
    8800,
    9000,
    9200,
    9400,
    9600,
    9800,
    10000,
    10200,
    10400,
    10600,
    10800,
    11000,
    11200,
    11400,
    11600,
    11800,
    12000,
    12200,
    12400,
    12600,
    12800,
    13000,
    13200,
    13400,
    13600,
    13800,
    14000,
    14200,
    14400,
    14600,
    14800,
    15000,
    15200,
    15400,
    15600,
    15800,
    16000,
    16200,
    16400,
    16600,
    16800,
    17000,
    17200,
    17400,
    17600,
    17800,
    18000,
    18200,
    18400,
    18600,
    18800,
    19000,
    19200,
    19400,
    19600,
    19800,
    20000,
    20200,
    20400,
    20600,
    20800,
    21000,
    21200,
    21400,
    21600,
    21800,
    22000,
    22200,
    22400,
    22600,
    22800,
    23000,
    23200,
    23400,
    23600,
    23800,
    24000,
    24200,
    24400,
    24600,
    24800,
    25000,
    25200,
    25400,
    25600,
    25800,
    26000,
    26200,
    26400,
    26600,
    26800,
    27000,
    27200,
    27400,
    27600,
    27800,
    28000,
    28200,
    28400,
    28600,
    28800,
    29000,
    29200,
    29400,
    29600,
    29800,
    30000,
    30200,
    30400,
    30600,
    30800,
    31000
  ],
  "train_loss_history": [
    2.6690380573272705,
    2.664567232131958,
    2.6404051780700684,
    2.60430908203125,
    2.580186128616333,
    2.5554614067077637,
    2.507503032684326,
    2.4600095748901367,
    2.4066262245178223,
    2.337045192718506,
    2.2705488204956055,
    2.2106027603149414,
    2.177198886871338,
    2.167743682861328,
    2.1418964862823486,
    2.120084285736084,
    2.10884690284729,
    2.0936107635498047,
    2.0622293949127197,
    2.050154209136963,
    2.0322349071502686,
    2.012197732925415,
    2.0053234100341797,
    1.9870631694793701,
    1.9785081148147583,
    1.9631201028823853,
    1.95597243309021,
    1.9501186609268188,
    1.9390355348587036,
    1.927780270576477,
    1.9338253736495972,
    1.9284188747406006,
    1.9336336851119995,
    1.931485652923584,
    1.9320253133773804,
    1.9361321926116943,
    1.9350981712341309,
    1.926296591758728,
    1.9295507669448853,
    1.9104971885681152,
    1.927049994468689,
    1.9193923473358154,
    1.9408527612686157,
    1.9247093200683594,
    1.9354844093322754,
    1.9184637069702148,
    1.929896354675293,
    1.923669695854187,
    1.9286586046218872,
    1.930409550666809,
    1.9293725490570068,
    1.9241042137145996,
    1.9138820171356201,
    1.9234058856964111,
    1.925695538520813,
    1.9179635047912598,
    1.929051399230957,
    1.9206817150115967,
    1.9234099388122559,
    1.9284132719039917,
    1.932154893875122,
    1.928871750831604,
    1.910986065864563,
    1.9211856126785278,
    1.9271817207336426,
    1.9208214282989502,
    1.9210532903671265,
    1.9198156595230103,
    1.9126715660095215,
    1.9232063293457031,
    1.9140746593475342,
    1.9093890190124512,
    1.9078587293624878,
    1.9063376188278198,
    1.906209111213684,
    1.9003986120224,
    1.9151792526245117,
    1.910791277885437,
    1.9062271118164062,
    1.902011513710022,
    1.896398663520813,
    1.890511155128479,
    1.9017757177352905,
    1.893814206123352,
    1.9012112617492676,
    1.9059033393859863,
    1.908963918685913,
    1.8936970233917236,
    1.8946479558944702,
    1.8940545320510864,
    1.9056607484817505,
    1.8967437744140625,
    1.906925082206726,
    1.895686388015747,
    1.9026379585266113,
    1.9085077047348022,
    1.8928594589233398,
    1.9035453796386719,
    1.9035471677780151,
    1.9049267768859863,
    1.8979092836380005,
    1.8978369235992432,
    1.9063496589660645,
    1.9103868007659912,
    1.8997098207473755,
    1.8928802013397217,
    1.8987425565719604,
    1.9012714624404907,
    1.911352276802063,
    1.8917360305786133,
    1.908342719078064,
    1.9169636964797974,
    1.8852134943008423,
    1.9017291069030762,
    1.90178644657135,
    1.8982646465301514,
    1.902867078781128,
    1.9087109565734863,
    1.9032142162322998,
    1.9038076400756836,
    1.8943266868591309,
    1.9007105827331543,
    1.9043000936508179,
    1.9098281860351562,
    1.8985817432403564,
    1.8990871906280518,
    1.90704345703125,
    1.8953955173492432,
    1.9034303426742554,
    1.8851169347763062,
    1.8989779949188232,
    1.8971049785614014,
    1.8952322006225586,
    1.8934311866760254,
    1.9016462564468384,
    1.896112322807312,
    1.901244044303894,
    1.90110445022583,
    1.9058403968811035,
    1.9004255533218384,
    1.9038532972335815,
    1.9054700136184692,
    1.9113142490386963,
    1.9177086353302002,
    1.893782615661621,
    1.8975154161453247,
    1.905380129814148,
    1.9060322046279907,
    1.897681713104248,
    1.900518536567688,
    1.907705545425415,
    1.8857862949371338,
    1.9022226333618164,
    1.9026389122009277,
    1.888763427734375,
    1.9064123630523682
  ],