{
  "vocab_size": 11,
  "step": 3300,
  "steps_for_plot": [
    0,
    200,
    400,
    600,
    800,
    1000,
    1200,
    1400,
    1600,
    1800,
    2000,
    2200,
    2400,
    2600,
    2800,
    3000,
    3200
  ],
  "train_loss_history": [
    2.527644157409668,
    2.08171010017395,
    1.9819320440292358,
    1.9865623712539673,
    1.9715732336044312,
    1.992043137550354,
    1.9250584840774536,
    1.9285832643508911,
    1.9202226400375366,
    1.8924354314804077,
    1.9145909547805786,
    1.9270988702774048,
    1.8947291374206543,
    1.9577194452285767,
    1.9488736391067505,
    1.915183663368225,
    1.9147119522094727
  ],
  "val_loss_history": [
    2.542965888977051,
    2.1162397861480713,
    2.014350175857544,
    2.006377935409546,
    1.977086067199707,
    1.9808944463729858,
    1.965714693069458,
    1.9918171167373657,
    1.9710478782653809,
    1.9826120138168335,
    1.9626978635787964,
    1.9568796157836914,
    1.9434040784835815,
    1.9422105550765991,
    1.9733991622924805,
    1.951892375946045,
    1.9546552896499634
  ],
  "rule_error_history": [
    0.8426966292134831,
    0.8186813186813187,
    0.8138528138528138,
    0.8221153846153846,
    0.7698412698412699,
    0.8436018957345972,
    0.7860082304526749,
    0.7317073170731707,
    0.8045454545454546,
    0.8199052132701422,
    0.7935779816513762,
    0.7366255144032922,
    0.7531914893617021,
    0.7793427230046949,
    0.7446808510638298,
    0.8349056603773585,
    0.8114035087719298
  ],
  "model_config": {
    "n_embd": 4,
    "block_size": 16,
    "num_heads": 1,
    "head_size": 4,
    "use_residual": true
  },
  "eval_interval": 200,
  "generated_sequences_e0": [
    [
      6,
      10,
      0,
      4,
      4,
      8,
      2,
      8,
      1,
      6,
      10,
      5,
      9,
      3,
      8,
      10,
      0,
      8,
      9,
      6,
      0,
      8,
      7,
      6,
      0,
      3,
      4,
      4,
      8,
      4,
      2,
      5,
      10,
      3,
      7,
      4,
      9,
      7,
      4,
      6,
      5,
      0,
      7,
      4,
      6,
      9,
      2,
      6,
      8,
      10,
      7,
      6,
      6,
      6,
      6,
      4,
      4,
      4
    ],
    [
      0,
      1,
      10,
      2,
      3,
      4,
      9,
      9,
      3,
      0,
      10,
      9,
      3,
      4,
      3,
      9,
      4,
      6,
      7,
      3,
      6,
      6,
      1,
      4,
      4,
      4,
      4,
      9,
      6,
      7,
      8,
      6,
      8,
      6,
      3,
      6,
      6,
      3,
      10,
      4,
      3,
      4,
      6,
      6,
      1,
      6,
      5,
      9,
      2,
      4,
      9,
      9,
      3,
      7,
      6
    ],
    [
      3,
      4,
      3,
      3,
      2,
      9,
      2,
      9,
      4,
      5,
      6,
      8,
      5,
      6,
      10,
      1,
      6,
      6,
      3,
      6,
      9,
      4,
      3,
      6,
      8,
      6,
      10,
      9,
      0,
      3,
      6,
      6,
      4,
      6,
      4,
      4,
      6,
      7,
      4,
      7,
      9,
      3,
      9,
      9,
      4,
      4,
      7,
      9,
      7,
      6,
      6
    ],
    [
      8,
      9,
      3,
      7,
      4,
      8,
      4,
      4,
      9,
      3,
      4,
      2,
      0,
      4,
      9,
      3,
      4,
      8,
      5,
      9,
      0,
      4,
      6,
      6,
      5,
      10,
      9,
      2,
      4,
      4,
      4,
      7,
      9,
      7,
      4,
      7,
      4,
      3,
      5,
      9,
      3,
      9,
      2,
      3,
      4,
      8,
      5,
      9,
      0,
      4,
      4
    ],
    [
      9,
      4,
      4,
      3,
      8,
      2,
      0,
      4,
      7,
      6,
      3,
      7,
      9,
      8,
      9,
      2,
      5,
      4,
      4,
      4,
      5,
      5,
      7,
      4,
      0,
      4,
      8,
      6,
      4,
      4,
      4,
      9,
      2,
      9,
      2,
      6,
      4,
      3,
      1,
      6,
      4,
      7,
      9,
      2,
      6,
      5,
      9,
      9,
      6,
      5
    ]
  ]
}