{
  "vocab_size": 7,
  "step": 700,
  "steps_for_plot": [
    0,
    200,
    400,
    600
  ],
  "train_loss_history": [
    2.2692348957061768,
    1.7197961807250977,
    1.353220820426941,
    1.0621432065963745
  ],
  "val_loss_history": [
    2.270150661468506,
    1.7149423360824585,
    1.3522528409957886,
    1.0496047735214233
  ],
  "rule_error_history": [
    0.9636363636363636,
    0.762589928057554,
    0.651685393258427,
    0.5105263157894737
  ],
  "model_config": {
    "n_embd": 2,
    "block_size": 16,
    "num_heads": 1,
    "head_size": 2
  },
  "eval_interval": 200
}