{
  "vocab_size": 12,
  "step": 2800,
  "steps_for_plot": [
    0,
    200,
    400,
    600,
    800,
    1000,
    1200,
    1400,
    1600,
    1800,
    2000,
    2200,
    2400,
    2600,
    2800
  ],
  "train_loss_history": [
    2.7877461910247803,
    2.4458436965942383,
    2.3719489574432373,
    2.3324289321899414,
    2.2984671592712402,
    2.2823681831359863,
    2.2117154598236084,
    2.211641550064087,
    2.1893765926361084,
    2.159180164337158,
    2.1812191009521484,
    2.1588196754455566,
    2.1667332649230957,
    2.182417869567871,
    2.159921646118164
  ],
  "val_loss_history": [
    2.805147171020508,
    2.4287781715393066,
    2.352771043777466,
    2.335662364959717,
    2.2857298851013184,
    2.2553892135620117,
    2.1885921955108643,
    2.184849500656128,
    2.1700220108032227,
    2.178360939025879,
    2.1776480674743652,
    2.181683301925659,
    2.149674654006958,
    2.1734602451324463,
    2.1672744750976562
  ],
  "rule_error_history": [
    0.7235772357723578,
    0.776595744680851,
    0.8584070796460177,
    0.8305084745762712,
    0.8768115942028986,
    0.8625954198473282,
    0.7829457364341085,
    0.7841726618705036,
    0.8373983739837398,
    0.7443609022556391,
    0.7380952380952381,
    0.8148148148148148,
    0.75,
    0.768,
    0.7535211267605634
  ],
  "model_config": {
    "n_embd": 2,
    "block_size": 8,
    "num_heads": 1,
    "head_size": 2
  },
  "eval_interval": 200,
  "generated_sequences_e0": [
    [
      6,
      2,
      "+",
      8,
      9,
      0,
      2,
      2,
      "+",
      1,
      2,
      2,
      "+",
      8,
      "+",
      "+",
      9,
      10,
      "+",
      2,
      "+",
      2,
      2,
      2,
      2,
      2,
      "+",
      "+",
      "+",
      2,
      2,
      2,
      "+",
      2,
      2,
      2,
      "+",
      2,
      2,
      2,
      "+",
      2,
      2,
      "+",
      5
    ],
    [
      0,
      2,
      9,
      9,
      9,
      2,
      "+",
      0,
      3,
      2,
      2,
      2,
      "+",
      "+",
      2,
      "+",
      9,
      10,
      2,
      1,
      5,
      "+",
      0,
      6
    ],
    [
      "+",
      3,
      5,
      2,
      2,
      2,
      3,
      0,
      5,
      2,
      1,
      9,
      0,
      0,
      2,
      7,
      2,
      7,
      "+",
      2,
      2,
      "+",
      "+",
      0,
      2,
      9,
      6,
      0,
      2,
      3,
      2,
      2,
      "+",
      2,
      "+",
      "+",
      9
    ],
    [
      5,
      2,
      2,
      7,
      "+",
      5,
      7,
      2,
      "+",
      5,
      2,
      2,
      "+",
      5,
      "+",
      2,
      "+",
      2,
      "+",
      2,
      7,
      2,
      2,
      2,
      "+",
      0,
      6,
      0,
      2,
      2,
      2,
      "+",
      5,
      "+",
      "+",
      2,
      "+",
      0,
      2,
      "+",
      5,
      "+",
      1,
      1,
      1
    ],
    [
      5,
      1,
      6,
      5,
      "+",
      0,
      0,
      5,
      3,
      2,
      2,
      "+",
      5,
      2,
      2,
      2,
      2,
      2,
      1,
      2,
      2,
      "+",
      "+",
      5,
      2,
      2,
      5
    ]
  ]
}