{
  "vocab_size": 12,
  "step": 200,
  "steps_for_plot": [
    0,
    200
  ],
  "train_loss_history": [
    2.8673877716064453,
    2.470902919769287
  ],
  "val_loss_history": [
    2.9148266315460205,
    2.4575486183166504
  ],
  "rule_error_history": [
    0.7567567567567568,
    0.8414634146341463
  ],
  "model_config": {
    "n_embd": 2,
    "block_size": 8,
    "num_heads": 1,
    "head_size": 2
  },
  "eval_interval": 200,
  "generated_sequences_e0": [
    [
      10,
      7,
      5,
      "+",
      7,
      7,
      8,
      10,
      4,
      1,
      10,
      4,
      6,
      1,
      5,
      7,
      1,
      10,
      10,
      1,
      10,
      3,
      9,
      5,
      "+",
      7,
      3,
      10,
      7,
      10,
      1,
      6,
      1,
      10
    ],
    [
      3,
      9,
      7,
      9,
      "+",
      3,
      10,
      10,
      10,
      2,
      3,
      9,
      8,
      1,
      1,
      2,
      1,
      7,
      8,
      1,
      4,
      4,
      1,
      9,
      5,
      9,
      8,
      0,
      2,
      5
    ],
    [
      "+",
      3,
      7,
      6,
      5,
      9,
      5,
      7,
      4,
      10,
      10,
      9,
      8,
      "+",
      10,
      5,
      10,
      7,
      "+",
      10,
      10,
      0,
      9,
      1,
      2,
      0,
      10,
      5,
      10,
      2,
      3,
      10
    ],
    [
      7,
      7,
      7,
      6,
      5,
      "+",
      10,
      "+",
      2,
      10,
      5,
      8,
      4,
      4,
      10,
      9,
      1,
      10,
      "+",
      7,
      6,
      "+",
      9,
      2,
      0,
      4
    ],
    [
      10,
      7,
      7,
      3,
      7,
      4,
      4,
      7,
      6,
      0,
      10,
      0,
      10,
      9,
      10,
      9,
      9,
      0,
      9,
      2,
      10,
      9,
      5,
      1,
      10,
      0,
      7,
      2,
      10,
      10,
      6
    ]
  ]
}