{
  "vocab_size": 12,
  "step": 8300,
  "steps_for_plot": [
    0,
    200,
    400,
    600,
    800,
    1000,
    1200,
    1400,
    1600,
    1800,
    2000,
    2200,
    2400,
    2600,
    2800,
    3000,
    3200,
    3400,
    3600,
    3800,
    4000,
    4200,
    4400,
    4600,
    4800,
    5000,
    5200,
    5400,
    5600,
    5800,
    6000,
    6200,
    6400,
    6600,
    6800,
    7000,
    7200,
    7400,
    7600,
    7800,
    8000,
    8200
  ],
  "train_loss_history": [
    2.7877461910247803,
    2.4458436965942383,
    2.3719489574432373,
    2.3324289321899414,
    2.2984671592712402,
    2.2823681831359863,
    2.2117154598236084,
    2.211641550064087,
    2.1893765926361084,
    2.159180164337158,
    2.1812191009521484,
    2.1588196754455566,
    2.1667332649230957,
    2.182417869567871,
    2.159921646118164,
    2.1559157371520996,
    2.1297824382781982,
    2.1421749591827393,
    2.1657533645629883,
    2.1334869861602783,
    2.1428840160369873,
    2.1179287433624268,
    2.1454288959503174,
    2.1477062702178955,
    2.1074819564819336,
    2.145746946334839,
    2.1153626441955566,
    2.109712839126587,
    2.126837968826294,
    2.0992543697357178,
    2.142667770385742,
    2.1190624237060547,
    2.12530255317688,
    2.1029515266418457,
    2.1059014797210693,
    2.1332340240478516,
    2.0899598598480225,
    2.091691732406616,
    2.1177124977111816,
    2.143148899078369,
    2.1094443798065186,
    2.107459545135498
  ],
  "val_loss_history": [
    2.805147171020508,
    2.4287781715393066,
    2.352771043777466,
    2.335662364959717,
    2.2857298851013184,
    2.2553892135620117,
    2.1885921955108643,
    2.184849500656128,
    2.1700220108032227,
    2.178360939025879,
    2.1776480674743652,
    2.181683301925659,
    2.149674654006958,
    2.1734602451324463,
    2.1672744750976562,
    2.144982099533081,
    2.186591148376465,
    2.149069309234619,
    2.143293857574463,
    2.1147584915161133,
    2.1110544204711914,
    2.161513090133667,
    2.1211659908294678,
    2.1091537475585938,
    2.114957094192505,
    2.1154298782348633,
    2.146994113922119,
    2.1198694705963135,
    2.0867273807525635,
    2.094564437866211,
    2.113921880722046,
    2.1046345233917236,
    2.1084678173065186,
    2.096860885620117,
    2.0899136066436768,
    2.0989434719085693,
    2.122218132019043,
    2.0900063514709473,
    2.0940544605255127,
    2.138469934463501,
    2.090675115585327,
    2.1064367294311523
  ],
  "rule_error_history": [
    0.7235772357723578,
    0.776595744680851,
    0.8584070796460177,
    0.8305084745762712,
    0.8768115942028986,
    0.8625954198473282,
    0.7829457364341085,
    0.7841726618705036,
    0.8373983739837398,
    0.7443609022556391,
    0.7380952380952381,
    0.8148148148148148,
    0.75,
    0.768,
    0.7535211267605634,
    0.8134328358208955,
    0.7923076923076923,
    0.8305084745762712,
    0.8394160583941606,
    0.8130081300813008,
    0.7727272727272727,
    0.7241379310344828,
    0.7111111111111111,
    0.7265625,
    0.7913669064748201,
    0.6715328467153284,
    0.75,
    0.7846153846153846,
    0.7642857142857142,
    0.7890625,
    0.671875,
    0.6410256410256411,
    0.6666666666666666,
    0.7253521126760564,
    0.7463768115942029,
    0.7016129032258065,
    0.7333333333333333,
    0.7230769230769231,
    0.7218045112781954,
    0.7480916030534351,
    0.7669172932330827,
    0.717391304347826
  ],
  "model_config": {
    "n_embd": 2,
    "block_size": 8,
    "num_heads": 1,
    "head_size": 2
  },
  "eval_interval": 200,
  "generated_sequences_e0": [
    [
      6,
      2,
      "+",
      8,
      9,
      0,
      2,
      2,
      "+",
      1,
      2,
      2,
      "+",
      8,
      "+",
      "+",
      9,
      10,
      "+",
      2,
      "+",
      2,
      2,
      2,
      2,
      2,
      "+",
      "+",
      "+",
      2,
      2,
      2,
      "+",
      2,
      2,
      2,
      "+",
      2,
      2,
      2,
      "+",
      2,
      2,
      "+",
      5
    ],
    [
      0,
      2,
      9,
      9,
      9,
      2,
      "+",
      0,
      3,
      2,
      2,
      2,
      "+",
      "+",
      2,
      "+",
      9,
      10,
      2,
      1,
      5,
      "+",
      0,
      6
    ],
    [
      "+",
      3,
      5,
      2,
      2,
      2,
      3,
      0,
      5,
      2,
      1,
      9,
      0,
      0,
      2,
      7,
      2,
      7,
      "+",
      2,
      2,
      "+",
      "+",
      0,
      2,
      9,
      6,
      0,
      2,
      3,
      2,
      2,
      "+",
      2,
      "+",
      "+",
      9
    ],
    [
      5,
      2,
      2,
      7,
      "+",
      5,
      7,
      2,
      "+",
      5,
      2,
      2,
      "+",
      5,
      "+",
      2,
      "+",
      2,
      "+",
      2,
      7,
      2,
      2,
      2,
      "+",
      0,
      6,
      0,
      2,
      2,
      2,
      "+",
      5,
      "+",
      "+",
      2,
      "+",
      0,
      2,
      "+",
      5,
      "+",
      1,
      1,
      1
    ],
    [
      5,
      1,
      6,
      5,
      "+",
      0,
      0,
      5,
      3,
      2,
      2,
      "+",
      5,
      2,
      2,
      2,
      2,
      2,
      1,
      2,
      2,
      "+",
      "+",
      5,
      2,
      2,
      5
    ]
  ]
}