{
  "vocab_size": 11,
  "step": 31100,
  "steps_for_plot": [
    0,
    200,
    400,
    600,
    800,
    1000,
    1200,
    1400,
    1600,
    1800,
    2000,
    2200,
    2400,
    2600,
    2800,
    3000,
    3200,
    3400,
    3600,
    3800,
    4000,
    4200,
    4400,
    4600,
    4800,
    5000,
    5200,
    5400,
    5600,
    5800,
    6000,
    6200,
    6400,
    6600,
    6800,
    7000,
    7200,
    7400,
    7600,
    7800,
    8000,
    8200,
    8400,
    8600,
    8800,
    9000,
    9200,
    9400,
    9600,
    9800,
    10000,
    10200,
    10400,
    10600,
    10800,
    11000,
    11200,
    11400,
    11600,
    11800,
    12000,
    12200,
    12400,
    12600,
    12800,
    13000,
    13200,
    13400,
    13600,
    13800,
    14000,
    14200,
    14400,
    14600,
    14800,
    15000,
    15200,
    15400,
    15600,
    15800,
    16000,
    16200,
    16400,
    16600,
    16800,
    17000,
    17200,
    17400,
    17600,
    17800,
    18000,
    18200,
    18400,
    18600,
    18800,
    19000,
    19200,
    19400,
    19600,
    19800,
    20000,
    20200,
    20400,
    20600,
    20800,
    21000,
    21200,
    21400,
    21600,
    21800,
    22000,
    22200,
    22400,
    22600,
    22800,
    23000,
    23200,
    23400,
    23600,
    23800,
    24000,
    24200,
    24400,
    24600,
    24800,
    25000,
    25200,
    25400,
    25600,
    25800,
    26000,
    26200,
    26400,
    26600,
    26800,
    27000,
    27200,
    27400,
    27600,
    27800,
    28000,
    28200,
    28400,
    28600,
    28800,
    29000,
    29200,
    29400,
    29600,
    29800,
    30000,
    30200,
    30400,
    30600,
    30800,
    31000
  ],
  "train_loss_history": [
    2.527644157409668,
    2.08171010017395,
    1.9819320440292358,
    1.9865623712539673,
    1.9715732336044312,
    1.992043137550354,
    1.9250584840774536,
    1.9285832643508911,
    1.9202226400375366,
    1.8924354314804077,
    1.9145909547805786,
    1.9270988702774048,
    1.8947291374206543,
    1.9577194452285767,
    1.9488736391067505,
    1.915183663368225,
    1.9147119522094727,
    1.873815655708313,
    1.9257055521011353,
    1.948368787765503,
    1.9032222032546997,
    1.8799145221710205,
    1.8698047399520874,
    1.8673869371414185,
    1.9185415506362915,
    1.8719581365585327,
    1.8712754249572754,
    1.8568493127822876,
    1.8466813564300537,
    1.8811824321746826,
    1.8425825834274292,
    1.8600144386291504,
    1.8394595384597778,
    1.8532339334487915,
    1.8331730365753174,
    1.8061374425888062,
    1.7767590284347534,
    1.7980246543884277,
    1.7651056051254272,
    1.7751599550247192,
    1.707651972770691,
    1.771970510482788,
    1.7066136598587036,
    1.7202801704406738,
    1.7134695053100586,
    1.676072597503662,
    1.6504719257354736,
    1.6501487493515015,
    1.654608964920044,
    1.6160228252410889,
    1.621495246887207,
    1.6421995162963867,
    1.5275338888168335,
    1.5810256004333496,
    1.553106427192688,
    1.545390009880066,
    1.491737723350525,
    1.5033459663391113,
    1.4998267889022827,
    1.4702481031417847,
    1.5002604722976685,
    1.449629783630371,
    1.4606660604476929,
    1.441066026687622,
    1.369320273399353,
    1.4566596746444702,
    1.416953682899475,
    1.4050449132919312,
    1.407679557800293,
    1.3956897258758545,
    1.4256192445755005,
    1.401033639907837,
    1.3595595359802246,
    1.402920126914978,
    1.389845609664917,
    1.3484818935394287,
    1.3470889329910278,
    1.3381373882293701,
    1.34810471534729,
    1.357112169265747,
    1.350012183189392,
    1.3136570453643799,
    1.3333182334899902,
    1.3009742498397827,
    1.3299658298492432,
    1.3649662733078003,
    1.3188587427139282,
    1.2819955348968506,
    1.2942842245101929,
    1.2754321098327637,
    1.241146445274353,
    1.2944765090942383,
    1.26627779006958,
    1.3009426593780518,
    1.2637526988983154,
    1.2739604711532593,
    1.270495057106018,
    1.224605917930603,
    1.2557345628738403,
    1.2374824285507202,
    1.2340975999832153,
    1.2427242994308472,
    1.2736238241195679,
    1.242749810218811,
    1.2290773391723633,
    1.2533880472183228,
    1.22200608253479,
    1.2164746522903442,
    1.231005072593689,
    1.2411555051803589,
    1.208910346031189,
    1.2613227367401123,
    1.2857078313827515,
    1.2403509616851807,
    1.255147099494934,
    1.2330636978149414,
    1.2628960609436035,
    1.2247276306152344,
    1.1972583532333374,
    1.2637232542037964,
    1.251763105392456,
    1.1920559406280518,
    1.2116273641586304,
    1.1867878437042236,
    1.2555782794952393,
    1.2469604015350342,
    1.2335797548294067,
    1.2672741413116455,
    1.207849383354187,
    1.2237982749938965,
    1.2167781591415405,
    1.2026468515396118,
    1.2335786819458008,
    1.2076548337936401,
    1.2520616054534912,
    1.2397218942642212,
    1.2797908782958984,
    1.237431526184082,
    1.251339316368103,
    1.2529339790344238,
    1.2839267253875732,
    1.2473139762878418,
    1.2253929376602173,
    1.2037338018417358,
    1.2360873222351074,
    1.2313042879104614,
    1.2364541292190552,
    1.202593207359314,
    1.2127341032028198,
    1.2149746417999268,
    1.2329140901565552,
    1.1721793413162231,
    1.2290085554122925,
    1.2255909442901611,
    1.1989768743515015,
    1.2688339948654175
  ],