{
  "vocab_size": 11,
  "step": 14000,
  "steps_for_plot": [
    0,
    200,
    400,
    600,
    800,
    1000,
    1200,
    1400,
    1600,
    1800,
    2000,
    2200,
    2400,
    2600,
    2800,
    3000,
    3200,
    3400,
    3600,
    3800,
    4000,
    4200,
    4400,
    4600,
    4800,
    5000,
    5200,
    5400,
    5600,
    5800,
    6000,
    6200,
    6400,
    6600,
    6800,
    7000,
    7200,
    7400,
    7600,
    7800,
    8000,
    8200,
    8400,
    8600,
    8800,
    9000,
    9200,
    9400,
    9600,
    9800,
    10000,
    10200,
    10400,
    10600,
    10800,
    11000,
    11200,
    11400,
    11600,
    11800,
    12000,
    12200,
    12400,
    12600,
    12800,
    13000,
    13200,
    13400,
    13600,
    13800,
    14000
  ],
  "train_loss_history": [
    2.701040029525757,
    2.3789377212524414,
    2.3094289302825928,
    2.265557289123535,
    2.2354576587677,
    2.1697309017181396,
    2.151073455810547,
    2.1176345348358154,
    2.0887131690979004,
    2.0737016201019287,
    2.0848302841186523,
    2.084158420562744,
    2.0709002017974854,
    2.0866079330444336,
    2.071290969848633,
    2.0839269161224365,
    2.083266019821167,
    2.082871913909912,
    2.0546224117279053,
    2.0398685932159424,
    2.029315710067749,
    2.0511245727539062,
    2.039649248123169,
    2.0204999446868896,
    2.0171451568603516,
    1.9964470863342285,
    2.021665096282959,
    2.0075738430023193,
    1.9883593320846558,
    1.9679147005081177,
    1.9905247688293457,
    1.9625483751296997,
    1.955736517906189,
    1.9316084384918213,
    1.9210842847824097,
    1.8810555934906006,
    1.8808456659317017,
    1.8473397493362427,
    1.852239966392517,
    1.8231611251831055,
    1.8360050916671753,
    1.8421096801757812,
    1.799879789352417,
    1.7910983562469482,
    1.7883477210998535,
    1.8273762464523315,
    1.812520146369934,
    1.7873866558074951,
    1.7745141983032227,
    1.7649694681167603,
    1.7777856588363647,
    1.7637755870819092,
    1.7636624574661255,
    1.7964271306991577,
    1.759736180305481,
    1.7816451787948608,
    1.761552333831787,
    1.7678982019424438,
    1.7185243368148804,
    1.7346535921096802,
    1.77931547164917,
    1.7536219358444214,
    1.7766228914260864,
    1.7695144414901733,
    1.7611979246139526,
    1.7630679607391357,
    1.743078351020813,
    1.776633858680725,
    1.7515875101089478,
    1.7747176885604858,
    1.7446696758270264
  ],
  "val_loss_history": [
    2.717885732650757,
    2.3708302974700928,
    2.299917697906494,
    2.265119791030884,
    2.2217600345611572,
    2.180309534072876,
    2.1175389289855957,
    2.111293077468872,
    2.1010899543762207,
    2.0623466968536377,
    2.0773253440856934,
    2.0635976791381836,
    2.078735113143921,
    2.0640549659729004,
    2.0965371131896973,
    2.062290668487549,
    2.0712413787841797,
    2.044506072998047,
    2.0400476455688477,
    2.0601165294647217,
    2.0409059524536133,
    2.0220298767089844,
    2.0340335369110107,
    2.0076138973236084,
    1.9952383041381836,
    1.9780677556991577,
    2.022169589996338,
    2.00093936920166,
    1.9850645065307617,
    1.963079571723938,
    1.9700778722763062,
    1.9543609619140625,
    1.9383505582809448,
    1.9425816535949707,
    1.9173903465270996,
    1.8834353685379028,
    1.8762835264205933,
    1.8371998071670532,
    1.8381041288375854,
    1.821041226387024,
    1.8478233814239502,
    1.802277684211731,
    1.794589638710022,
    1.762036919593811,
    1.7508622407913208,
    1.8066513538360596,
    1.8055598735809326,
    1.7928893566131592,
    1.7503204345703125,
    1.788108468055725,
    1.7837090492248535,
    1.7720386981964111,
    1.765797734260559,
    1.7957168817520142,
    1.7612414360046387,
    1.7797470092773438,
    1.7709035873413086,
    1.789639949798584,
    1.7496802806854248,
    1.7451614141464233,
    1.7731117010116577,
    1.721998929977417,
    1.7553836107254028,
    1.7920717000961304,
    1.7672663927078247,
    1.7530224323272705,
    1.7626986503601074,
    1.789443016052246,
    1.78912353515625,
    1.7887638807296753,
    1.7623978853225708
  ],
  "rule_error_history": [
    0.6721311475409836,
    0.8767123287671232,
    0.8613861386138614,
    0.8468468468468469,
    0.8620689655172413,
    0.8558558558558559,
    0.7681159420289855,
    0.7375886524822695,
    0.8017241379310345,
    0.7867647058823529,
    0.7518796992481203,
    0.7007299270072993,
    0.7364341085271318,
    0.762962962962963,
    0.7669172932330827,
    0.6906474820143885,
    0.816,
    0.7669172932330827,
    0.8015267175572519,
    0.6850393700787402,
    0.6440677966101694,
    0.68,
    0.680327868852459,
    0.6666666666666666,
    0.6299212598425197,
    0.7,
    0.5918367346938775,
    0.593103448275862,
    0.5522388059701493,
    0.45038167938931295,
    0.6106870229007634,
    0.6198347107438017,
    0.5074626865671642,
    0.42657342657342656,
    0.43283582089552236,
    0.35555555555555557,
    0.28448275862068967,
    0.29365079365079366,
    0.25396825396825395,
    0.16071428571428573,
    0.25384615384615383,
    0.11450381679389313,
    0.1223021582733813,
    0.11363636363636363,
    0.1,
    0.12,
    0.12121212121212122,
    0.056451612903225805,
    0.0661764705882353,
    0.0661764705882353,
    0.0859375,
    0.03787878787878788,
    0.03225806451612903,
    0.06015037593984962,
    0.007751937984496124,
    0.045112781954887216,
    0.06569343065693431,
    0.02142857142857143,
    0.014598540145985401,
    0.034482758620689655,
    0.02158273381294964,
    0.02857142857142857,
    0.0,
    0.021739130434782608,
    0.007462686567164179,
    0.007142857142857143,
    0.03759398496240601,
    0.036231884057971016,
    0.013888888888888888,
    0.0,
    0.014925373134328358
  ],
  "model_config": {
    "n_embd": 2,
    "block_size": 12,
    "num_heads": 1,
    "head_size": 2
  },
  "eval_interval": 200,
  "generated_sequences_e0": [
    [
      1,
      6,
      5,
      5,
      5,
      0,
      2,
      5,
      7,
      "+",
      1,
      9,
      8,
      "+",
      6,
      "+",
      "+",
      6,
      4,
      4,
      6,
      4,
      2,
      2,
      2,
      2,
      2,
      4,
      "+",
      "+",
      4,
      5,
      7,
      9,
      4,
      2,
      "+",
      2,
      5,
      9,
      5,
      5
    ],
    [
      2,
      6,
      9,
      8,
      2,
      4,
      2,
      2,
      0,
      1,
      "+",
      5,
      "+",
      2,
      2,
      7,
      8,
      4,
      1,
      6,
      4,
      2,
      2,
      2,
      7,
      4,
      1,
      3,
      "+",
      4,
      4,
      5,
      7
    ],
    [
      3,
      4,
      3,
      2,
      5,
      "+",
      1,
      2,
      9,
      4,
      4,
      2,
      9,
      1,
      4,
      6,
      9,
      5,
      7,
      2,
      "+",
      2,
      "+",
      "+",
      2,
      2,
      4,
      6,
      3,
      2,
      4
    ],
    [
      6,
      5,
      1,
      9,
      0,
      6,
      3,
      4,
      5,
      2,
      5,
      5,
      0,
      2,
      4,
      1,
      7,
      2,
      "+",
      "+",
      2,
      9,
      9,
      3,
      2,
      6,
      2,
      5,
      2,
      "+"
    ],
    [
      4,
      0,
      9,
      6,
      0,
      9,
      "+",
      5,
      2,
      5,
      2,
      1,
      2,
      5,
      5,
      2,
      2,
      9,
      8,
      2,
      "+",
      2,
      3,
      4,
      1,
      "+",
      2,
      5,
      2,
      7,
      2,
      2,
      2,
      9,
      5,
      5,
      5,
      5,
      4,
      3,
      "+",
      1
    ]
  ]
}