{
  "vocab_size": 12,
  "step": 40400,
  "steps_for_plot": [
    0,
    200,
    400,
    600,
    800,
    1000,
    1200,
    1400,
    1600,
    1800,
    2000,
    2200,
    2400,
    2600,
    2800,
    3000,
    3200,
    3400,
    3600,
    3800,
    4000,
    4200,
    4400,
    4600,
    4800,
    5000,
    5200,
    5400,
    5600,
    5800,
    6000,
    6200,
    6400,
    6600,
    6800,
    7000,
    7200,
    7400,
    7600,
    7800,
    8000,
    8200,
    8400,
    8600,
    8800,
    9000,
    9200,
    9400,
    9600,
    9800,
    10000,
    10200,
    10400,
    10600,
    10800,
    11000,
    11200,
    11400,
    11600,
    11800,
    12000,
    12200,
    12400,
    12600,
    12800,
    13000,
    13200,
    13400,
    13600,
    13800,
    14000,
    14200,
    14400,
    14600,
    14800,
    15000,
    15200,
    15400,
    15600,
    15800,
    16000,
    16200,
    16400,
    16600,
    16800,
    17000,
    17200,
    17400,
    17600,
    17800,
    18000,
    18200,
    18400,
    18600,
    18800,
    19000,
    19200,
    19400,
    19600,
    19800,
    20000,
    20200,
    20400,
    20600,
    20800,
    21000,
    21200,
    21400,
    21600,
    21800,
    22000,
    22200,
    22400,
    22600,
    22800,
    23000,
    23200,
    23400,
    23600,
    23800,
    24000,
    24200,
    24400,
    24600,
    24800,
    25000,
    25200,
    25400,
    25600,
    25800,
    26000,
    26200,
    26400,
    26600,
    26800,
    27000,
    27200,
    27400,
    27600,
    27800,
    28000,
    28200,
    28400,
    28600,
    28800,
    29000,
    29200,
    29400,
    29600,
    29800,
    30000,
    30200,
    30400,
    30600,
    30800,
    31000,
    31200,
    31400,
    31600,
    31800,
    32000,
    32200,
    32400,
    32600,
    32800,
    33000,
    33200,
    33400,
    33600,
    33800,
    34000,
    34200,
    34400,
    34600,
    34800,
    35000,
    35200,
    35400,
    35600,
    35800,
    36000,
    36200,
    36400,
    36600,
    36800,
    37000,
    37200,
    37400,
    37600,
    37800,
    38000,
    38200,
    38400,
    38600,
    38800,
    39000,
    39200,
    39400,
    39600,
    39800,
    40000,
    40200,
    40400
  ],
  "train_loss_history": [
    2.7834198474884033,
    2.4152915477752686,
    2.360837697982788,
    2.3513169288635254,
    2.3514630794525146,
    2.373216152191162,
    2.353125810623169,
    2.318826198577881,
    2.2527668476104736,
    2.1985998153686523,
    2.189777135848999,
    2.169480085372925,
    2.177563428878784,
    2.2011802196502686,
    2.173945665359497,
    2.169727325439453,
    2.180032730102539,
    2.1804027557373047,
    2.1692702770233154,
    2.196457624435425,
    2.1719560623168945,
    2.1696856021881104,
    2.1613030433654785,
    2.179060459136963,
    2.1871862411499023,
    2.164938449859619,
    2.16562557220459,
    2.190521478652954,
    2.1693782806396484,
    2.1851470470428467,
    2.1612491607666016,
    2.1697158813476562,
    2.205842971801758,
    2.1836743354797363,
    2.1647934913635254,
    2.1657614707946777,
    2.163567543029785,
    2.1903090476989746,
    2.1622443199157715,
    2.1555962562561035,
    2.1782586574554443,
    2.110274076461792,
    2.1362178325653076,
    2.119145393371582,
    2.086019515991211,
    2.104912281036377,
    2.05833101272583,
    2.0852291584014893,
    2.050396203994751,
    2.0671634674072266,
    2.021482229232788,
    2.0257680416107178,
    1.9897189140319824,
    1.979108452796936,
    1.9386374950408936,
    1.959753155708313,
    1.9598667621612549,
    1.9050571918487549,
    1.9141099452972412,
    1.9017442464828491,
    1.9185675382614136,
    1.8900073766708374,
    1.9269932508468628,
    1.893485426902771,
    1.9198601245880127,
    1.898532509803772,
    1.9238104820251465,
    1.8834338188171387,
    1.8883638381958008,
    1.8772004842758179,
    1.9201184511184692,
    1.9094445705413818,
    1.8883110284805298,
    1.8949261903762817,
    1.9089806079864502,
    1.922721266746521,
    1.834538459777832,
    1.8909916877746582,
    1.8290541172027588,
    1.8796955347061157,
    1.8213753700256348,
    1.864801049232483,
    1.8965771198272705,
    1.8515435457229614,
    1.8471100330352783,
    1.8542884588241577,
    1.825304388999939,
    1.829500675201416,
    1.8229665756225586,
    1.8340671062469482,
    1.8613492250442505,
    1.8695367574691772,
    1.833132028579712,
    1.8883885145187378,
    1.8444151878356934,
    1.849355936050415,
    1.8605241775512695,
    1.8977421522140503,
    1.8428043127059937,
    1.8387058973312378,
    1.832656741142273,
    1.8160591125488281,
    1.8482340574264526,
    1.852790355682373,
    1.8173956871032715,
    1.8467721939086914,
    1.8633778095245361,
    1.82529878616333,
    1.8337597846984863,
    1.8624171018600464,
    1.8868838548660278,
    1.8513989448547363,
    1.8778854608535767,
    1.8474005460739136,
    1.8279756307601929,
    1.8649096488952637,
    1.8219980001449585,
    1.8414816856384277,
    1.8532902002334595,
    1.8512005805969238,
    1.8647326231002808,
    1.8320465087890625,
    1.830116629600525,
    1.8160450458526611,
    1.8710548877716064,
    1.8234214782714844,
    1.8663140535354614,
    1.844796895980835,
    1.880280613899231,
    1.8418874740600586,
    1.8135426044464111,
    1.8739111423492432,
    1.81907057762146,
    1.859889030456543,
    1.8463962078094482,
    1.8642659187316895,
    1.8059256076812744,
    1.8177491426467896,
    1.8715957403182983,
    1.8431365489959717,
    1.8437861204147339,
    1.8046298027038574,
    1.836405634880066,
    1.8601630926132202,
    1.8837082386016846,
    1.8084313869476318,
    1.8354651927947998,
    1.8858622312545776,
    1.8500479459762573,
    1.8956866264343262,
    1.8732681274414062,
    1.8050404787063599,
    1.8298428058624268,
    1.8538377285003662,
    1.8757128715515137,
    1.8379369974136353,
    1.843474268913269,
    1.8757569789886475,
    1.8788145780563354,
    1.8484444618225098,
    1.8536354303359985,
    1.842413067817688,
    1.853977084159851,
    1.8234384059906006,
    1.8440059423446655,
    1.843822956085205,
    1.8229432106018066,
    1.8622130155563354,
    1.8295849561691284,
    1.8346573114395142,
    1.8318967819213867,
    1.8466193675994873,
    1.8240597248077393,
    1.8687050342559814,
    1.805771827697754,
    1.852595329284668,
    1.8464796543121338,
    1.8565493822097778,
    1.811399221420288,
    1.8936851024627686,
    1.8274564743041992,
    1.7942477464675903,
    1.8464921712875366,
    1.8395389318466187,
    1.8295037746429443,
    1.8341671228408813,
    1.845715045928955,
    1.8699465990066528,
    1.8763025999069214,
    1.8211935758590698,
    1.825965166091919,
    1.8494844436645508,
    1.8318252563476562,
    1.788332462310791,
    1.8631609678268433,
    1.8556140661239624,
    1.8775426149368286,
    1.8037811517715454,
    1.8494290113449097,
    1.8319785594940186,
    1.8290185928344727,
    1.829447627067566,
    1.8508498668670654
  ],