{
  "vocab_size": 11,
  "step": 12900,
  "steps_for_plot": [
    0,
    200,
    400,
    600,
    800,
    1000,
    1200,
    1400,
    1600,
    1800,
    2000,
    2200,
    2400,
    2600,
    2800,
    3000,
    3200,
    3400,
    3600,
    3800,
    4000,
    4200,
    4400,
    4600,
    4800,
    5000,
    5200,
    5400,
    5600,
    5800,
    6000,
    6200,
    6400,
    6600,
    6800,
    7000,
    7200,
    7400,
    7600,
    7800,
    8000,
    8200,
    8400,
    8600,
    8800,
    9000,
    9200,
    9400,
    9600,
    9800,
    10000,
    10200,
    10400,
    10600,
    10800,
    11000,
    11200,
    11400,
    11600,
    11800,
    12000,
    12200,
    12400,
    12600,
    12800
  ],
  "train_loss_history": [
    2.708566188812256,
    2.375298261642456,
    2.297987222671509,
    2.2626655101776123,
    2.226687431335449,
    2.167118787765503,
    2.149317979812622,
    2.096088171005249,
    2.085466146469116,
    2.074021816253662,
    2.0778605937957764,
    2.0728719234466553,
    2.0829544067382812,
    2.0898354053497314,
    2.0651235580444336,
    2.0817575454711914,
    2.0627782344818115,
    2.0384318828582764,
    2.0667757987976074,
    2.0749919414520264,
    2.0635998249053955,
    2.0491995811462402,
    2.0618391036987305,
    2.0477631092071533,
    2.0405056476593018,
    2.0416057109832764,
    2.034006118774414,
    1.9876304864883423,
    1.9954147338867188,
    1.986151933670044,
    1.9824405908584595,
    1.9914817810058594,
    1.9901885986328125,
    1.9973852634429932,
    1.9862550497055054,
    2.0062601566314697,
    1.9919041395187378,
    1.9810516834259033,
    1.9581363201141357,
    1.9423500299453735,
    1.9374500513076782,
    1.908177375793457,
    1.8680832386016846,
    1.8305107355117798,
    1.8148019313812256,
    1.8557157516479492,
    1.834930419921875,
    1.833681583404541,
    1.8321210145950317,
    1.832249641418457,
    1.80145263671875,
    1.7949687242507935,
    1.7901972532272339,
    1.7924227714538574,
    1.755489468574524,
    1.771613597869873,
    1.7508935928344727,
    1.767643690109253,
    1.781050682067871,
    1.7644277811050415,
    1.7540661096572876,
    1.7840216159820557,
    1.7540620565414429,
    1.7317768335342407,
    1.7912046909332275
  ],
  "val_loss_history": [
    2.6985466480255127,
    2.380509614944458,
    2.3177239894866943,
    2.2742114067077637,
    2.244112491607666,
    2.202413320541382,
    2.1332082748413086,
    2.11460018157959,
    2.102766513824463,
    2.112262010574341,
    2.099109411239624,
    2.093670606613159,
    2.0868639945983887,
    2.0827603340148926,
    2.074789524078369,
    2.0803723335266113,
    2.072582721710205,
    2.058358669281006,
    2.0635673999786377,
    2.059445858001709,
    2.074871301651001,
    2.0371510982513428,
    2.0733046531677246,
    2.0541491508483887,
    2.041698455810547,
    2.0287363529205322,
    2.026719808578491,
    2.015475034713745,
    2.030651807785034,
    1.9999815225601196,
    2.0091898441314697,
    2.014028549194336,
    1.9998900890350342,
    1.9846298694610596,
    2.009050130844116,
    2.020561695098877,
    1.988907814025879,
    1.9628535509109497,
    2.003208875656128,
    1.986295223236084,
    1.959966778755188,
    1.916276454925537,
    1.9088752269744873,
    1.90273118019104,
    1.866621494293213,
    1.82850980758667,
    1.8556407690048218,
    1.8391920328140259,
    1.842028021812439,
    1.7862040996551514,
    1.8139797449111938,
    1.8022433519363403,
    1.7900924682617188,
    1.7897963523864746,
    1.7818182706832886,
    1.7553503513336182,
    1.7747280597686768,
    1.7761483192443848,
    1.7809016704559326,
    1.7931203842163086,
    1.7935986518859863,
    1.8114184141159058,
    1.773451805114746,
    1.7492496967315674,
    1.7519793510437012
  ],
  "rule_error_history": [
    0.631578947368421,
    0.8767123287671232,
    0.8543689320388349,
    0.8495575221238938,
    0.8738738738738738,
    0.8303571428571429,
    0.7819548872180451,
    0.6985294117647058,
    0.832,
    0.75,
    0.7338129496402878,
    0.7659574468085106,
    0.703125,
    0.7664233576642335,
    0.7637795275590551,
    0.706766917293233,
    0.8046875,
    0.782608695652174,
    0.8046875,
    0.6962962962962963,
    0.5806451612903226,
    0.675,
    0.7293233082706767,
    0.6666666666666666,
    0.7016129032258065,
    0.7310924369747899,
    0.6821192052980133,
    0.6402877697841727,
    0.65,
    0.5294117647058824,
    0.6349206349206349,
    0.6062992125984252,
    0.6136363636363636,
    0.5912408759124088,
    0.5928571428571429,
    0.5319148936170213,
    0.5087719298245614,
    0.5661764705882353,
    0.5083333333333333,
    0.64,
    0.46825396825396826,
    0.512,
    0.4153846153846154,
    0.37142857142857144,
    0.325,
    0.36363636363636365,
    0.3,
    0.18032786885245902,
    0.19548872180451127,
    0.20714285714285716,
    0.1956521739130435,
    0.05511811023622047,
    0.14615384615384616,
    0.15827338129496402,
    0.10526315789473684,
    0.11678832116788321,
    0.12121212121212122,
    0.05555555555555555,
    0.05,
    0.03389830508474576,
    0.022727272727272728,
    0.04878048780487805,
    0.015625,
    0.014285714285714285,
    0.014925373134328358
  ],
  "model_config": {
    "n_embd": 2,
    "block_size": 12,
    "num_heads": 1,
    "head_size": 2
  },
  "eval_interval": 200,
  "generated_sequences_e0": [
    [
      8,
      6,
      5,
      5,
      5,
      0,
      2,
      5,
      7,
      "+",
      1,
      9,
      8,
      "+",
      6,
      "+",
      "+",
      6,
      4,
      4,
      6,
      4,
      2,
      2,
      2,
      2,
      2,
      4,
      "+",
      "+"
    ],
    [
      1,
      4,
      5,
      5,
      5,
      5,
      2,
      "+",
      2,
      5,
      9,
      5,
      5,
      6,
      9,
      8,
      2,
      4,
      2,
      2,
      0,
      2,
      "+",
      5,
      "+",
      2,
      2,
      7,
      8,
      4,
      1,
      6,
      4,
      2
    ],
    [
      3,
      2,
      2,
      7,
      4,
      1,
      3,
      "+",
      4,
      7,
      "+",
      9,
      4,
      2,
      2,
      5,
      "+",
      2,
      2,
      9,
      4,
      4,
      2,
      9,
      1,
      4
    ],
    [
      1,
      6,
      0,
      6,
      7,
      6,
      "+",
      2,
      "+",
      8,
      2,
      5,
      4,
      6,
      3,
      2,
      4,
      7,
      "+",
      9,
      "+",
      2,
      3,
      4,
      5,
      2,
      5,
      5,
      0,
      2,
      4,
      1,
      7,
      2,
      "+",
      "+",
      2,
      9,
      9,
      3,
      2,
      6,
      2,
      5
    ],
    [
      4,
      2,
      "+",
      0,
      9,
      6,
      4,
      5,
      "+",
      5,
      6,
      "+",
      2,
      1,
      2,
      5,
      5,
      2,
      2,
      9,
      8,
      2,
      "+",
      2,
      3,
      4,
      1,
      "+"
    ]
  ]
}