{
  "vocab_size": 12,
  "step": 3600,
  "steps_for_plot": [
    0,
    200,
    400,
    600,
    800,
    1000,
    1200,
    1400,
    1600,
    1800,
    2000,
    2200,
    2400,
    2600,
    2800,
    3000,
    3200,
    3400,
    3600
  ],
  "train_loss_history": [
    2.5834195613861084,
    2.3632280826568604,
    2.3283157348632812,
    2.283123254776001,
    2.18111252784729,
    2.1957497596740723,
    2.1607587337493896,
    2.190934181213379,
    2.1766467094421387,
    2.1411361694335938,
    2.1476552486419678,
    2.1183059215545654,
    2.124319553375244,
    2.121159076690674,
    2.1028177738189697,
    2.0964515209198,
    2.077620029449463,
    2.085304021835327,
    2.1240012645721436
  ],
  "val_loss_history": [
    2.5773372650146484,
    2.3482837677001953,
    2.3007028102874756,
    2.2774384021759033,
    2.1778693199157715,
    2.172614336013794,
    2.151132345199585,
    2.169678211212158,
    2.156820774078369,
    2.1696245670318604,
    2.1443614959716797,
    2.1451282501220703,
    2.0980770587921143,
    2.1170647144317627,
    2.1142423152923584,
    2.090379238128662,
    2.1449756622314453,
    2.101839780807495,
    2.0985631942749023
  ],
  "rule_error_history": [
    0.8888888888888888,
    0.819047619047619,
    0.875,
    0.8828125,
    0.852112676056338,
    0.8091603053435115,
    0.7950819672131147,
    0.7851851851851852,
    0.8103448275862069,
    0.75,
    0.734375,
    0.7697841726618705,
    0.7698412698412699,
    0.7073170731707317,
    0.6959459459459459,
    0.7410071942446043,
    0.7591240875912408,
    0.7142857142857143,
    0.7801418439716312
  ],
  "model_config": {
    "n_embd": 2,
    "block_size": 8,
    "num_heads": 1,
    "head_size": 2
  },
  "eval_interval": 200,
  "generated_sequences_e0": [
    [
      6,
      2,
      1,
      8,
      9,
      0,
      4,
      2,
      "+",
      1,
      2,
      2,
      "+",
      8,
      6,
      "+",
      9,
      10,
      5,
      6,
      1,
      2,
      2,
      9,
      5,
      6,
      1,
      6,
      4,
      2,
      2,
      2,
      8,
      2,
      5,
      7,
      6,
      2,
      2,
      2,
      2,
      2,
      3,
      9,
      5
    ],
    [
      0,
      2,
      9,
      2,
      9,
      2,
      9,
      6,
      3,
      10,
      5,
      2,
      "+",
      7,
      2,
      "+",
      9,
      10,
      2,
      1,
      5,
      2,
      0,
      6
    ],
    [
      "+",
      3,
      2,
      3,
      1,
      6,
      3,
      6,
      4,
      2,
      1,
      4,
      0,
      1,
      2,
      7,
      2,
      7,
      4,
      2,
      5,
      3,
      1,
      0,
      1,
      9,
      6,
      3,
      4,
      3,
      2,
      9,
      4,
      3,
      1,
      "+",
      1
    ],
    [
      5,
      2,
      2,
      7,
      8,
      9,
      7,
      2,
      1,
      5,
      2,
      8,
      6,
      5,
      0,
      2,
      3,
      2,
      "+",
      2,
      7,
      2,
      9,
      8,
      1,
      0,
      6,
      0,
      10,
      6,
      2,
      "+",
      1,
      4,
      2,
      1,
      2,
      7,
      2,
      1,
      4,
      10,
      1,
      1,
      1
    ],
    [
      5,
      1,
      5,
      10,
      "+",
      2,
      8,
      5,
      3,
      2,
      4,
      9,
      6,
      2,
      2,
      6,
      2,
      2,
      1,
      2,
      2,
      6,
      "+",
      5,
      6,
      0,
      5
    ]
  ]
}