{
  "vocab_size": 11,
  "step": 6000,
  "steps_for_plot": [
    0,
    200,
    400,
    600,
    800,
    1000,
    1200,
    1400,
    1600,
    1800,
    2000,
    2200,
    2400,
    2600,
    2800,
    3000,
    3200,
    3400,
    3600,
    3800,
    4000,
    4200,
    4400,
    4600,
    4800,
    5000,
    5200,
    5400,
    5600,
    5800,
    6000
  ],
  "train_loss_history": [
    2.773930549621582,
    2.373291015625,
    2.2839550971984863,
    2.2629969120025635,
    2.259854793548584,
    2.259286880493164,
    2.231062412261963,
    2.1802291870117188,
    2.1342086791992188,
    2.104158639907837,
    2.0871033668518066,
    2.0766749382019043,
    2.047985792160034,
    2.062973737716675,
    2.0488381385803223,
    2.073049545288086,
    2.055121660232544,
    2.04207181930542,
    2.0575292110443115,
    2.0255093574523926,
    2.035656690597534,
    2.030941963195801,
    2.013489007949829,
    1.9924445152282715,
    1.9790427684783936,
    1.9534155130386353,
    1.943456768989563,
    1.9322593212127686,
    1.9116815328598022,
    1.8883895874023438,
    1.8839796781539917
  ],
  "val_loss_history": [
    2.74381685256958,
    2.3808202743530273,
    2.292130470275879,
    2.293616533279419,
    2.2829837799072266,
    2.2805752754211426,
    2.261904239654541,
    2.183161973953247,
    2.1581270694732666,
    2.1436736583709717,
    2.127617120742798,
    2.1132988929748535,
    2.0943453311920166,
    2.093557834625244,
    2.1035985946655273,
    2.07475209236145,
    2.0859432220458984,
    2.101773738861084,
    2.078864336013794,
    2.0674562454223633,
    2.0579872131347656,
    2.0573318004608154,
    2.0593223571777344,
    2.0363314151763916,
    2.0233001708984375,
    2.005221366882324,
    1.9875574111938477,
    1.963435411453247,
    1.9871307611465454,
    1.9219626188278198,
    1.925369381904602
  ],
  "rule_error_history": [
    0.896551724137931,
    0.9230769230769231,
    0.8712871287128713,
    0.8653846153846154,
    0.8666666666666667,
    0.8053097345132744,
    0.9134615384615384,
    0.7723577235772358,
    0.7518796992481203,
    0.7815126050420168,
    0.7619047619047619,
    0.7089552238805971,
    0.7954545454545454,
    0.7313432835820896,
    0.751937984496124,
    0.811965811965812,
    0.6666666666666666,
    0.7297297297297297,
    0.7522123893805309,
    0.6260869565217392,
    0.7553956834532374,
    0.6636363636363637,
    0.6060606060606061,
    0.5735294117647058,
    0.5289256198347108,
    0.55,
    0.5223880597014925,
    0.49137931034482757,
    0.38405797101449274,
    0.31932773109243695,
    0.37777777777777777
  ],
  "model_config": {
    "n_embd": 2,
    "block_size": 12,
    "num_heads": 1,
    "head_size": 2
  },
  "eval_interval": 200,
  "generated_sequences_e0": [
    [
      7,
      3,
      8,
      2,
      8,
      6,
      3,
      2,
      4,
      7,
      7,
      5,
      5,
      7,
      3,
      7,
      7,
      3,
      1,
      7,
      3,
      "+",
      2,
      6,
      7,
      "+",
      2,
      4,
      7,
      7,
      1,
      6,
      4,
      0,
      "+",
      6,
      7,
      6
    ],
    [
      6,
      5,
      5,
      2,
      3,
      3,
      5,
      5,
      2,
      1,
      7,
      8,
      8,
      4,
      7,
      2,
      7,
      0,
      7,
      4,
      5,
      1,
      7,
      3,
      1
    ],
    [
      7,
      5,
      0,
      5,
      4,
      9,
      4,
      0,
      7,
      1,
      8,
      2,
      4,
      1,
      0,
      0,
      7,
      7,
      8,
      7
    ],
    [
      1,
      6,
      1,
      4,
      8,
      9,
      7,
      3,
      7,
      5,
      3,
      4,
      8,
      7,
      8,
      7,
      "+",
      7,
      4,
      8,
      3,
      7,
      6,
      1,
      4
    ],
    [
      3,
      7,
      6,
      7,
      3,
      0,
      1,
      2,
      0,
      2,
      8,
      1,
      8,
      1,
      0,
      4,
      7,
      7,
      5,
      0,
      6,
      6,
      0,
      8,
      3,
      7,
      5,
      3,
      7,
      7,
      6,
      7,
      1,
      8,
      7,
      4,
      3,
      7,
      5,
      "+",
      0,
      0,
      8,
      4,
      0,
      6,
      "+",
      0,
      7,
      6
    ]
  ]
}