{
  "vocab_size": 12,
  "step": 6000,
  "steps_for_plot": [
    0,
    200,
    400,
    600,
    800,
    1000,
    1200,
    1400,
    1600,
    1800,
    2000,
    2200,
    2400,
    2600,
    2800,
    3000,
    3200,
    3400,
    3600,
    3800,
    4000,
    4200,
    4400,
    4600,
    4800,
    5000,
    5200,
    5400,
    5600,
    5800,
    6000
  ],
  "train_loss_history": [
    2.5834195613861084,
    2.3632280826568604,
    2.3283157348632812,
    2.283123254776001,
    2.18111252784729,
    2.1957497596740723,
    2.1607587337493896,
    2.190934181213379,
    2.1766467094421387,
    2.1411361694335938,
    2.1476552486419678,
    2.1183059215545654,
    2.124319553375244,
    2.121159076690674,
    2.1028177738189697,
    2.0964515209198,
    2.077620029449463,
    2.085304021835327,
    2.1240012645721436,
    2.091844081878662,
    2.1227145195007324,
    2.0960564613342285,
    2.124340057373047,
    2.1294634342193604,
    2.0850014686584473,
    2.124358892440796,
    2.088406562805176,
    2.0725278854370117,
    2.087249994277954,
    2.052412509918213,
    2.0953705310821533
  ],
  "val_loss_history": [
    2.5773372650146484,
    2.3482837677001953,
    2.3007028102874756,
    2.2774384021759033,
    2.1778693199157715,
    2.172614336013794,
    2.151132345199585,
    2.169678211212158,
    2.156820774078369,
    2.1696245670318604,
    2.1443614959716797,
    2.1451282501220703,
    2.0980770587921143,
    2.1170647144317627,
    2.1142423152923584,
    2.090379238128662,
    2.1449756622314453,
    2.101839780807495,
    2.0985631942749023,
    2.082180976867676,
    2.077146530151367,
    2.1374754905700684,
    2.0937044620513916,
    2.08809757232666,
    2.0912981033325195,
    2.0934698581695557,
    2.128004789352417,
    2.0861263275146484,
    2.0412726402282715,
    2.037357807159424,
    2.0613269805908203
  ],
  "rule_error_history": [
    0.8888888888888888,
    0.819047619047619,
    0.875,
    0.8828125,
    0.852112676056338,
    0.8091603053435115,
    0.7950819672131147,
    0.7851851851851852,
    0.8103448275862069,
    0.75,
    0.734375,
    0.7697841726618705,
    0.7698412698412699,
    0.7073170731707317,
    0.6959459459459459,
    0.7410071942446043,
    0.7591240875912408,
    0.7142857142857143,
    0.7801418439716312,
    0.7769230769230769,
    0.6934306569343066,
    0.7074829931972789,
    0.7226277372262774,
    0.753731343283582,
    0.7536231884057971,
    0.6666666666666666,
    0.6758620689655173,
    0.7651515151515151,
    0.7463768115942029,
    0.7,
    0.59375
  ],
  "model_config": {
    "n_embd": 2,
    "block_size": 8,
    "num_heads": 1,
    "head_size": 2
  },
  "eval_interval": 200,
  "generated_sequences_e0": [
    [
      6,
      2,
      1,
      8,
      9,
      0,
      4,
      2,
      "+",
      1,
      2,
      2,
      "+",
      8,
      6,
      "+",
      9,
      10,
      5,
      6,
      1,
      2,
      2,
      9,
      5,
      6,
      1,
      6,
      4,
      2,
      2,
      2,
      8,
      2,
      5,
      7,
      6,
      2,
      2,
      2,
      2,
      2,
      3,
      9,
      5
    ],
    [
      0,
      2,
      9,
      2,
      9,
      2,
      9,
      6,
      3,
      10,
      5,
      2,
      "+",
      7,
      2,
      "+",
      9,
      10,
      2,
      1,
      5,
      2,
      0,
      6
    ],
    [
      "+",
      3,
      2,
      3,
      1,
      6,
      3,
      6,
      4,
      2,
      1,
      4,
      0,
      1,
      2,
      7,
      2,
      7,
      4,
      2,
      5,
      3,
      1,
      0,
      1,
      9,
      6,
      3,
      4,
      3,
      2,
      9,
      4,
      3,
      1,
      "+",
      1
    ],
    [
      5,
      2,
      2,
      7,
      8,
      9,
      7,
      2,
      1,
      5,
      2,
      8,
      6,
      5,
      0,
      2,
      3,
      2,
      "+",
      2,
      7,
      2,
      9,
      8,
      1,
      0,
      6,
      0,
      10,
      6,
      2,
      "+",
      1,
      4,
      2,
      1,
      2,
      7,
      2,
      1,
      4,
      10,
      1,
      1,
      1
    ],
    [
      5,
      1,
      5,
      10,
      "+",
      2,
      8,
      5,
      3,
      2,
      4,
      9,
      6,
      2,
      2,
      6,
      2,
      2,
      1,
      2,
      2,
      6,
      "+",
      5,
      6,
      0,
      5
    ]
  ]
}