{
  "vocab_size": 4,
  "step": 1800,
  "steps_for_plot": [
    0,
    200,
    400,
    600,
    800,
    1000,
    1200,
    1400,
    1600,
    1800
  ],
  "train_loss_history": [
    1.732129693031311,
    1.243720293045044,
    0.9139953851699829,
    0.46194741129875183,
    0.2282460778951645,
    0.06372436881065369,
    0.018074192106723785,
    0.00841409433633089,
    0.004687734879553318,
    0.0030588179361075163
  ],
  "val_loss_history": [
    1.7262544631958008,
    1.2429497241973877,
    0.9005671739578247,
    0.46904850006103516,
    0.23026445508003235,
    0.06348937004804611,
    0.01761726662516594,
    0.008135352283716202,
    0.004596954211592674,
    0.002932462142780423
  ],
  "rule_error_history": [
    0.8166666666666667,
    0.7466666666666667,
    0.6466666666666666,
    0.47833333333333333,
    0.365,
    0.16833333333333333,
    0.075,
    0.06166666666666667,
    0.058333333333333334,
    0.085
  ],
  "model_config": {
    "n_embd": 2,
    "block_size": 16,
    "num_heads": 1,
    "head_size": 2
  },
  "eval_interval": 200
}