{
  "vocab_size": 11,
  "step": 9000,
  "steps_for_plot": [
    0,
    200,
    400,
    600,
    800,
    1000,
    1200,
    1400,
    1600,
    1800,
    2000,
    2200,
    2400,
    2600,
    2800,
    3000,
    3200,
    3400,
    3600,
    3800,
    4000,
    4200,
    4400,
    4600,
    4800,
    5000,
    5200,
    5400,
    5600,
    5800,
    6000,
    6200,
    6400,
    6600,
    6800,
    7000,
    7200,
    7400,
    7600,
    7800,
    8000,
    8200,
    8400,
    8600,
    8800,
    9000
  ],
  "train_loss_history": [
    2.76680326461792,
    2.3734776973724365,
    2.2892019748687744,
    2.2642712593078613,
    2.273212194442749,
    2.269639253616333,
    2.242429256439209,
    2.1784698963165283,
    2.128408432006836,
    2.1160974502563477,
    2.107362747192383,
    2.1007115840911865,
    2.094036340713501,
    2.1095120906829834,
    2.0797412395477295,
    2.080287218093872,
    2.0955779552459717,
    2.0963451862335205,
    2.081541061401367,
    2.0938363075256348,
    2.09067702293396,
    2.067955255508423,
    2.0773305892944336,
    2.051727056503296,
    2.0645151138305664,
    2.060018301010132,
    2.027660369873047,
    2.0254030227661133,
    2.015043258666992,
    2.0207276344299316,
    1.9962646961212158,
    1.9584888219833374,
    1.966502070426941,
    1.9658600091934204,
    1.9656550884246826,
    1.937781810760498,
    1.929976463317871,
    1.9180690050125122,
    1.9084972143173218,
    1.887074589729309,
    1.8874379396438599,
    1.859979271888733,
    1.8691025972366333,
    1.874346137046814,
    1.8593162298202515,
    1.8668993711471558
  ],
  "val_loss_history": [
    2.783550977706909,
    2.3842220306396484,
    2.272355079650879,
    2.2692580223083496,
    2.274916172027588,
    2.2563748359680176,
    2.2363975048065186,
    2.1757450103759766,
    2.129988193511963,
    2.109548568725586,
    2.0929512977600098,
    2.081601858139038,
    2.090961217880249,
    2.093454360961914,
    2.0963473320007324,
    2.0810327529907227,
    2.0917885303497314,
    2.0953359603881836,
    2.094271659851074,
    2.0938429832458496,
    2.0548317432403564,
    2.0726277828216553,
    2.0371510982513428,
    2.068560838699341,
    2.035485029220581,
    2.0441226959228516,
    2.0475587844848633,
    2.023097515106201,
    2.010528326034546,
    1.9964511394500732,
    1.9979009628295898,
    1.9658011198043823,
    1.9848824739456177,
    1.9411866664886475,
    1.9559909105300903,
    1.911049485206604,
    1.9307167530059814,
    1.907012939453125,
    1.8701331615447998,
    1.8927865028381348,
    1.890114426612854,
    1.885183572769165,
    1.8892998695373535,
    1.8964413404464722,
    1.8789887428283691,
    1.8465986251831055
  ],
  "rule_error_history": [
    0.875,
    0.9,
    0.8811881188118812,
    0.8543689320388349,
    0.875,
    0.8165137614678899,
    0.897196261682243,
    0.7452830188679245,
    0.7538461538461538,
    0.7716535433070866,
    0.7906976744186046,
    0.7230769230769231,
    0.7734375,
    0.7196969696969697,
    0.6916666666666667,
    0.7796610169491526,
    0.7266187050359713,
    0.7327586206896551,
    0.7661290322580645,
    0.6949152542372882,
    0.7557251908396947,
    0.6982758620689655,
    0.6837606837606838,
    0.746031746031746,
    0.5826086956521739,
    0.706766917293233,
    0.7388059701492538,
    0.5793650793650794,
    0.6194029850746269,
    0.5746268656716418,
    0.5845070422535211,
    0.6,
    0.5846153846153846,
    0.5,
    0.543859649122807,
    0.4393939393939394,
    0.45038167938931295,
    0.35251798561151076,
    0.3225806451612903,
    0.3629032258064516,
    0.3364485981308411,
    0.2802547770700637,
    0.2887323943661972,
    0.3384615384615385,
    0.31851851851851853,
    0.3008130081300813
  ],
  "model_config": {
    "n_embd": 2,
    "block_size": 12,
    "num_heads": 1,
    "head_size": 2
  },
  "eval_interval": 200,
  "generated_sequences_e0": [
    [
      9,
      3,
      8,
      2,
      8,
      6,
      3,
      2,
      4,
      7,
      7,
      9,
      5,
      7,
      3,
      7,
      7,
      3,
      1,
      7,
      3,
      "+",
      2,
      6,
      1,
      "+",
      2,
      4,
      7,
      7,
      1,
      6,
      4,
      0,
      "+",
      6,
      7,
      6,
      7
    ],
    [
      4,
      5,
      8,
      2,
      3,
      5,
      "+",
      2,
      1,
      7,
      8,
      8,
      4,
      7,
      2,
      7,
      "+",
      7,
      4,
      5,
      1,
      7,
      3,
      1,
      7,
      0,
      1,
      7,
      9,
      4,
      0,
      7,
      1,
      8,
      2,
      4,
      1,
      0
    ],
    [
      0,
      0,
      0,
      7,
      9,
      9,
      6,
      1,
      1,
      4,
      6,
      7,
      3,
      8,
      5,
      3,
      4,
      8,
      7,
      8,
      7,
      "+",
      7,
      4,
      8,
      3,
      7
    ],
    [
      1,
      6,
      1,
      9,
      9,
      9,
      5,
      3,
      0,
      1,
      8,
      0,
      8,
      8,
      1,
      8,
      1,
      0,
      4,
      7,
      7,
      5,
      0,
      6,
      6,
      0,
      8,
      3,
      7,
      5,
      3,
      7,
      7,
      6,
      7
    ],
    [
      0,
      1,
      8,
      7,
      3,
      3,
      7,
      5,
      "+",
      3,
      0,
      8,
      4,
      0,
      6,
      "+",
      0,
      7,
      6,
      0,
      7,
      8,
      4,
      0,
      7,
      0
    ]
  ]
}