{
  "vocab_size": 11,
  "step": 9000,
  "steps_for_plot": [
    0,
    200,
    400,
    600,
    800,
    1000,
    1200,
    1400,
    1600,
    1800,
    2000,
    2200,
    2400,
    2600,
    2800,
    3000,
    3200,
    3400,
    3600,
    3800,
    4000,
    4200,
    4400,
    4600,
    4800,
    5000,
    5200,
    5400,
    5600,
    5800,
    6000,
    6200,
    6400,
    6600,
    6800,
    7000,
    7200,
    7400,
    7600,
    7800,
    8000,
    8200,
    8400,
    8600,
    8800,
    9000
  ],
  "train_loss_history": [
    2.701040029525757,
    2.3789377212524414,
    2.3094289302825928,
    2.265557289123535,
    2.2354576587677,
    2.1697309017181396,
    2.151073455810547,
    2.1176345348358154,
    2.0887131690979004,
    2.0737016201019287,
    2.0848302841186523,
    2.084158420562744,
    2.0709002017974854,
    2.0866079330444336,
    2.071290969848633,
    2.0839269161224365,
    2.083266019821167,
    2.082871913909912,
    2.0546224117279053,
    2.0398685932159424,
    2.029315710067749,
    2.0511245727539062,
    2.039649248123169,
    2.0204999446868896,
    2.0171451568603516,
    1.9964470863342285,
    2.021665096282959,
    2.0075738430023193,
    1.9883593320846558,
    1.9679147005081177,
    1.9905247688293457,
    1.9625483751296997,
    1.955736517906189,
    1.9316084384918213,
    1.9210842847824097,
    1.8810555934906006,
    1.8808456659317017,
    1.8473397493362427,
    1.852239966392517,
    1.8231611251831055,
    1.8360050916671753,
    1.8421096801757812,
    1.799879789352417,
    1.7910983562469482,
    1.7883477210998535,
    1.8273762464523315
  ],
  "val_loss_history": [
    2.717885732650757,
    2.3708302974700928,
    2.299917697906494,
    2.265119791030884,
    2.2217600345611572,
    2.180309534072876,
    2.1175389289855957,
    2.111293077468872,
    2.1010899543762207,
    2.0623466968536377,
    2.0773253440856934,
    2.0635976791381836,
    2.078735113143921,
    2.0640549659729004,
    2.0965371131896973,
    2.062290668487549,
    2.0712413787841797,
    2.044506072998047,
    2.0400476455688477,
    2.0601165294647217,
    2.0409059524536133,
    2.0220298767089844,
    2.0340335369110107,
    2.0076138973236084,
    1.9952383041381836,
    1.9780677556991577,
    2.022169589996338,
    2.00093936920166,
    1.9850645065307617,
    1.963079571723938,
    1.9700778722763062,
    1.9543609619140625,
    1.9383505582809448,
    1.9425816535949707,
    1.9173903465270996,
    1.8834353685379028,
    1.8762835264205933,
    1.8371998071670532,
    1.8381041288375854,
    1.821041226387024,
    1.8478233814239502,
    1.802277684211731,
    1.794589638710022,
    1.762036919593811,
    1.7508622407913208,
    1.8066513538360596
  ],
  "rule_error_history": [
    0.6721311475409836,
    0.8767123287671232,
    0.8613861386138614,
    0.8468468468468469,
    0.8620689655172413,
    0.8558558558558559,
    0.7681159420289855,
    0.7375886524822695,
    0.8017241379310345,
    0.7867647058823529,
    0.7518796992481203,
    0.7007299270072993,
    0.7364341085271318,
    0.762962962962963,
    0.7669172932330827,
    0.6906474820143885,
    0.816,
    0.7669172932330827,
    0.8015267175572519,
    0.6850393700787402,
    0.6440677966101694,
    0.68,
    0.680327868852459,
    0.6666666666666666,
    0.6299212598425197,
    0.7,
    0.5918367346938775,
    0.593103448275862,
    0.5522388059701493,
    0.45038167938931295,
    0.6106870229007634,
    0.6198347107438017,
    0.5074626865671642,
    0.42657342657342656,
    0.43283582089552236,
    0.35555555555555557,
    0.28448275862068967,
    0.29365079365079366,
    0.25396825396825395,
    0.16071428571428573,
    0.25384615384615383,
    0.11450381679389313,
    0.1223021582733813,
    0.11363636363636363,
    0.1,
    0.12
  ],
  "model_config": {
    "n_embd": 2,
    "block_size": 12,
    "num_heads": 1,
    "head_size": 2
  },
  "eval_interval": 200,
  "generated_sequences_e0": [
    [
      1,
      6,
      5,
      5,
      5,
      0,
      2,
      5,
      7,
      "+",
      1,
      9,
      8,
      "+",
      6,
      "+",
      "+",
      6,
      4,
      4,
      6,
      4,
      2,
      2,
      2,
      2,
      2,
      4,
      "+",
      "+",
      4,
      5,
      7,
      9,
      4,
      2,
      "+",
      2,
      5,
      9,
      5,
      5
    ],
    [
      2,
      6,
      9,
      8,
      2,
      4,
      2,
      2,
      0,
      1,
      "+",
      5,
      "+",
      2,
      2,
      7,
      8,
      4,
      1,
      6,
      4,
      2,
      2,
      2,
      7,
      4,
      1,
      3,
      "+",
      4,
      4,
      5,
      7
    ],
    [
      3,
      4,
      3,
      2,
      5,
      "+",
      1,
      2,
      9,
      4,
      4,
      2,
      9,
      1,
      4,
      6,
      9,
      5,
      7,
      2,
      "+",
      2,
      "+",
      "+",
      2,
      2,
      4,
      6,
      3,
      2,
      4
    ],
    [
      6,
      5,
      1,
      9,
      0,
      6,
      3,
      4,
      5,
      2,
      5,
      5,
      0,
      2,
      4,
      1,
      7,
      2,
      "+",
      "+",
      2,
      9,
      9,
      3,
      2,
      6,
      2,
      5,
      2,
      "+"
    ],
    [
      4,
      0,
      9,
      6,
      0,
      9,
      "+",
      5,
      2,
      5,
      2,
      1,
      2,
      5,
      5,
      2,
      2,
      9,
      8,
      2,
      "+",
      2,
      3,
      4,
      1,
      "+",
      2,
      5,
      2,
      7,
      2,
      2,
      2,
      9,
      5,
      5,
      5,
      5,
      4,
      3,
      "+",
      1
    ]
  ]
}