{
  "vocab_size": 11,
  "step": 1000,
  "steps_for_plot": [
    0,
    200,
    400,
    600,
    800,
    1000
  ],
  "train_loss_history": [
    2.788567543029785,
    2.374053478240967,
    2.287724256515503,
    2.283038854598999,
    2.2665650844573975,
    2.2624993324279785
  ],
  "val_loss_history": [
    2.7621614933013916,
    2.3890225887298584,
    2.28934907913208,
    2.2721598148345947,
    2.278247117996216,
    2.2616891860961914
  ],
  "rule_error_history": [
    0.78125,
    0.8026315789473685,
    0.6842105263157895,
    0.6417910447761194,
    0.6776315789473685,
    0.6564885496183206
  ],
  "model_config": {
    "n_embd": 2,
    "block_size": 12,
    "num_heads": 1,
    "head_size": 2
  },
  "eval_interval": 200
}