{
  "vocab_size": 11,
  "step": 1000,
  "steps_for_plot": [
    0,
    200,
    400,
    600,
    800,
    1000
  ],
  "train_loss_history": [
    2.76680326461792,
    2.3734776973724365,
    2.2892019748687744,
    2.2642712593078613,
    2.273212194442749,
    2.269639253616333
  ],
  "val_loss_history": [
    2.783550977706909,
    2.3842220306396484,
    2.272355079650879,
    2.2692580223083496,
    2.274916172027588,
    2.2563748359680176
  ],
  "rule_error_history": [
    0.875,
    0.9,
    0.8811881188118812,
    0.8543689320388349,
    0.875,
    0.8165137614678899
  ],
  "model_config": {
    "n_embd": 2,
    "block_size": 12,
    "num_heads": 1,
    "head_size": 2
  },
  "eval_interval": 200,
  "generated_sequences_e0": [
    [
      9,
      3,
      8,
      2,
      8,
      6,
      3,
      2,
      4,
      7,
      7,
      9,
      5,
      7,
      3,
      7,
      7,
      3,
      1,
      7,
      3,
      "+",
      2,
      6,
      1,
      "+",
      2,
      4,
      7,
      7,
      1,
      6,
      4,
      0,
      "+",
      6,
      7,
      6,
      7
    ],
    [
      4,
      5,
      8,
      2,
      3,
      5,
      "+",
      2,
      1,
      7,
      8,
      8,
      4,
      7,
      2,
      7,
      "+",
      7,
      4,
      5,
      1,
      7,
      3,
      1,
      7,
      0,
      1,
      7,
      9,
      4,
      0,
      7,
      1,
      8,
      2,
      4,
      1,
      0
    ],
    [
      0,
      0,
      0,
      7,
      9,
      9,
      6,
      1,
      1,
      4,
      6,
      7,
      3,
      8,
      5,
      3,
      4,
      8,
      7,
      8,
      7,
      "+",
      7,
      4,
      8,
      3,
      7
    ],
    [
      1,
      6,
      1,
      9,
      9,
      9,
      5,
      3,
      0,
      1,
      8,
      0,
      8,
      8,
      1,
      8,
      1,
      0,
      4,
      7,
      7,
      5,
      0,
      6,
      6,
      0,
      8,
      3,
      7,
      5,
      3,
      7,
      7,
      6,
      7
    ],
    [
      0,
      1,
      8,
      7,
      3,
      3,
      7,
      5,
      "+",
      3,
      0,
      8,
      4,
      0,
      6,
      "+",
      0,
      7,
      6,
      0,
      7,
      8,
      4,
      0,
      7,
      0
    ]
  ]
}