{
  "vocab_size": 4,
  "step": 200,
  "steps_for_plot": [
    0,
    200
  ],
  "train_loss_history": [
    1.732129693031311,
    1.243720293045044
  ],
  "val_loss_history": [
    1.7262544631958008,
    1.2429497241973877
  ],
  "rule_error_history": [
    0.8166666666666667,
    0.7466666666666667
  ],
  "model_config": {
    "n_embd": 2,
    "block_size": 16,
    "num_heads": 1,
    "head_size": 2
  },
  "eval_interval": 200
}