{
  "vocab_size": 11,
  "step": 6100,
  "steps_for_plot": [
    0,
    200,
    400,
    600,
    800,
    1000,
    1200,
    1400,
    1600,
    1800,
    2000,
    2200,
    2400,
    2600,
    2800,
    3000,
    3200,
    3400,
    3600,
    3800,
    4000,
    4200,
    4400,
    4600,
    4800,
    5000,
    5200,
    5400,
    5600,
    5800,
    6000
  ],
  "train_loss_history": [
    2.4067389965057373,
    2.2838704586029053,
    2.1993660926818848,
    2.2035672664642334,
    2.2156195640563965,
    2.2017605304718018,
    2.1949474811553955,
    2.1573054790496826,
    2.1453027725219727,
    2.1142635345458984,
    2.150775671005249,
    2.0848617553710938,
    2.099738836288452,
    2.130283832550049,
    2.093651533126831,
    2.113602638244629,
    2.090217351913452,
    2.123939275741577,
    2.085651159286499,
    2.057429790496826,
    2.107205390930176,
    2.0677902698516846,
    2.0081913471221924,
    1.9984409809112549,
    2.110020637512207,
    2.0264899730682373,
    2.034648895263672,
    2.0612707138061523,
    2.0702602863311768,
    2.0469110012054443,
    2.06083083152771
  ],
  "val_loss_history": [
    2.398946762084961,
    2.2533304691314697,
    2.213702440261841,
    2.2013301849365234,
    2.2120556831359863,
    2.1571691036224365,
    2.2023978233337402,
    2.155823230743408,
    2.134277105331421,
    2.1253058910369873,
    2.11611008644104,
    2.1047251224517822,
    2.1288552284240723,
    2.066380500793457,
    2.0540990829467773,
    2.0983362197875977,
    2.115971088409424,
    2.0938751697540283,
    2.0612070560455322,
    2.1069207191467285,
    2.0592517852783203,
    2.0432326793670654,
    2.0746593475341797,
    2.017453670501709,
    2.010357618331909,
    2.0653700828552246,
    1.9790704250335693,
    2.0165152549743652,
    1.9925421476364136,
    2.0038328170776367,
    2.0378448963165283
  ],
  "rule_error_history": [
    0.9072164948453608,
    0.8717948717948718,
    0.8703703703703703,
    0.9391891891891891,
    0.8235294117647058,
    0.8881987577639752,
    0.9135802469135802,
    0.8834355828220859,
    0.8795180722891566,
    0.8642857142857143,
    0.8633540372670807,
    0.8987341772151899,
    0.8979591836734694,
    0.8322147651006712,
    0.9285714285714286,
    0.8835616438356164,
    0.8758169934640523,
    0.8461538461538461,
    0.8794326241134752,
    0.8796992481203008,
    0.8466666666666667,
    0.8732394366197183,
    0.8493150684931506,
    0.9044117647058824,
    0.863013698630137,
    0.7551020408163265,
    0.9178082191780822,
    0.7402597402597403,
    0.7116564417177914,
    0.8613138686131386,
    0.8373983739837398
  ],
  "model_config": {
    "n_embd": 2,
    "block_size": 8,
    "num_heads": 1,
    "head_size": 2,
    "use_residual": true
  },
  "eval_interval": 200,
  "generated_sequences_e0": [
    [
      3,
      1,
      7,
      0,
      1,
      7,
      4,
      7,
      6,
      8,
      8,
      0,
      9,
      2,
      8,
      7,
      8,
      5,
      7,
      9,
      9,
      7,
      7,
      3,
      2,
      2,
      1,
      6,
      1,
      4,
      9,
      0,
      10,
      8,
      2
    ],
    [
      4,
      2,
      3,
      2,
      0,
      7,
      9,
      2,
      1,
      7,
      9,
      9,
      3,
      5,
      3,
      0,
      1,
      2,
      7,
      6,
      2,
      0,
      3,
      7,
      9,
      5,
      2,
      7,
      5,
      9,
      4,
      9,
      8,
      5,
      2,
      4,
      7,
      0,
      4,
      6,
      8,
      5,
      4
    ],
    [
      6,
      1,
      8,
      2,
      0,
      3,
      10,
      5,
      8,
      8,
      1,
      2,
      7,
      7,
      9,
      7,
      8,
      7,
      2,
      0,
      7,
      9,
      3,
      6,
      5,
      1,
      4,
      10,
      5,
      2,
      2,
      10,
      7,
      7,
      4,
      5,
      6,
      1,
      6,
      7,
      1,
      2,
      1,
      1,
      8,
      2,
      0,
      9,
      4
    ],
    [
      5,
      10,
      10,
      4,
      9,
      7,
      0,
      9,
      7,
      7,
      1,
      10,
      2,
      1,
      10,
      1,
      0,
      7,
      9,
      9,
      2,
      3,
      0,
      6,
      1,
      5,
      10,
      9,
      3,
      2,
      1,
      4,
      7,
      2,
      1,
      4,
      6,
      4
    ],
    [
      8,
      2,
      9,
      3,
      1,
      10,
      4,
      2,
      4,
      2,
      2,
      4,
      5,
      2,
      5,
      7,
      3,
      7,
      7,
      3,
      2,
      8,
      7,
      4,
      10,
      7,
      7,
      1,
      7,
      9,
      6,
      2,
      4,
      7,
      1,
      2,
      0,
      10
    ]
  ]
}