{
  "vocab_size": 11,
  "step": 2000,
  "steps_for_plot": [
    0,
    200,
    400,
    600,
    800,
    1000,
    1200,
    1400,
    1600,
    1800,
    2000
  ],
  "train_loss_history": [
    2.773930549621582,
    2.373291015625,
    2.2839550971984863,
    2.2629969120025635,
    2.259854793548584,
    2.259286880493164,
    2.231062412261963,
    2.1802291870117188,
    2.1342086791992188,
    2.104158639907837,
    2.0871033668518066
  ],
  "val_loss_history": [
    2.74381685256958,
    2.3808202743530273,
    2.292130470275879,
    2.293616533279419,
    2.2829837799072266,
    2.2805752754211426,
    2.261904239654541,
    2.183161973953247,
    2.1581270694732666,
    2.1436736583709717,
    2.127617120742798
  ],
  "rule_error_history": [
    0.896551724137931,
    0.9230769230769231,
    0.8712871287128713,
    0.8653846153846154,
    0.8666666666666667,
    0.8053097345132744,
    0.9134615384615384,
    0.7723577235772358,
    0.7518796992481203,
    0.7815126050420168,
    0.7619047619047619
  ],
  "model_config": {
    "n_embd": 2,
    "block_size": 12,
    "num_heads": 1,
    "head_size": 2
  },
  "eval_interval": 200,
  "generated_sequences_e0": [
    [
      7,
      3,
      8,
      2,
      8,
      6,
      3,
      2,
      4,
      7,
      7,
      5,
      5,
      7,
      3,
      7,
      7,
      3,
      1,
      7,
      3,
      "+",
      2,
      6,
      7,
      "+",
      2,
      4,
      7,
      7,
      1,
      6,
      4,
      0,
      "+",
      6,
      7,
      6
    ],
    [
      6,
      5,
      5,
      2,
      3,
      3,
      5,
      5,
      2,
      1,
      7,
      8,
      8,
      4,
      7,
      2,
      7,
      0,
      7,
      4,
      5,
      1,
      7,
      3,
      1
    ],
    [
      7,
      5,
      0,
      5,
      4,
      9,
      4,
      0,
      7,
      1,
      8,
      2,
      4,
      1,
      0,
      0,
      7,
      7,
      8,
      7
    ],
    [
      1,
      6,
      1,
      4,
      8,
      9,
      7,
      3,
      7,
      5,
      3,
      4,
      8,
      7,
      8,
      7,
      "+",
      7,
      4,
      8,
      3,
      7,
      6,
      1,
      4
    ],
    [
      3,
      7,
      6,
      7,
      3,
      0,
      1,
      2,
      0,
      2,
      8,
      1,
      8,
      1,
      0,
      4,
      7,
      7,
      5,
      0,
      6,
      6,
      0,
      8,
      3,
      7,
      5,
      3,
      7,
      7,
      6,
      7,
      1,
      8,
      7,
      4,
      3,
      7,
      5,
      "+",
      0,
      0,
      8,
      4,
      0,
      6,
      "+",
      0,
      7,
      6
    ]
  ]
}