{
  "vocab_size": 11,
  "step": 2000,
  "steps_for_plot": [
    0,
    200,
    400,
    600,
    800,
    1000,
    1200,
    1400,
    1600,
    1800,
    2000
  ],
  "train_loss_history": [
    2.701040029525757,
    2.3789377212524414,
    2.3094289302825928,
    2.265557289123535,
    2.2354576587677,
    2.1697309017181396,
    2.151073455810547,
    2.1176345348358154,
    2.0887131690979004,
    2.0737016201019287,
    2.0848302841186523
  ],
  "val_loss_history": [
    2.717885732650757,
    2.3708302974700928,
    2.299917697906494,
    2.265119791030884,
    2.2217600345611572,
    2.180309534072876,
    2.1175389289855957,
    2.111293077468872,
    2.1010899543762207,
    2.0623466968536377,
    2.0773253440856934
  ],
  "rule_error_history": [
    0.6721311475409836,
    0.8767123287671232,
    0.8613861386138614,
    0.8468468468468469,
    0.8620689655172413,
    0.8558558558558559,
    0.7681159420289855,
    0.7375886524822695,
    0.8017241379310345,
    0.7867647058823529,
    0.7518796992481203
  ],
  "model_config": {
    "n_embd": 2,
    "block_size": 12,
    "num_heads": 1,
    "head_size": 2
  },
  "eval_interval": 200,
  "generated_sequences_e0": [
    [
      1,
      6,
      5,
      5,
      5,
      0,
      2,
      5,
      7,
      "+",
      1,
      9,
      8,
      "+",
      6,
      "+",
      "+",
      6,
      4,
      4,
      6,
      4,
      2,
      2,
      2,
      2,
      2,
      4,
      "+",
      "+",
      4,
      5,
      7,
      9,
      4,
      2,
      "+",
      2,
      5,
      9,
      5,
      5
    ],
    [
      2,
      6,
      9,
      8,
      2,
      4,
      2,
      2,
      0,
      1,
      "+",
      5,
      "+",
      2,
      2,
      7,
      8,
      4,
      1,
      6,
      4,
      2,
      2,
      2,
      7,
      4,
      1,
      3,
      "+",
      4,
      4,
      5,
      7
    ],
    [
      3,
      4,
      3,
      2,
      5,
      "+",
      1,
      2,
      9,
      4,
      4,
      2,
      9,
      1,
      4,
      6,
      9,
      5,
      7,
      2,
      "+",
      2,
      "+",
      "+",
      2,
      2,
      4,
      6,
      3,
      2,
      4
    ],
    [
      6,
      5,
      1,
      9,
      0,
      6,
      3,
      4,
      5,
      2,
      5,
      5,
      0,
      2,
      4,
      1,
      7,
      2,
      "+",
      "+",
      2,
      9,
      9,
      3,
      2,
      6,
      2,
      5,
      2,
      "+"
    ],
    [
      4,
      0,
      9,
      6,
      0,
      9,
      "+",
      5,
      2,
      5,
      2,
      1,
      2,
      5,
      5,
      2,
      2,
      9,
      8,
      2,
      "+",
      2,
      3,
      4,
      1,
      "+",
      2,
      5,
      2,
      7,
      2,
      2,
      2,
      9,
      5,
      5,
      5,
      5,
      4,
      3,
      "+",
      1
    ]
  ]
}