{
  "vocab_size": 11,
  "step": 3000,
  "steps_for_plot": [
    0,
    200,
    400,
    600,
    800,
    1000,
    1200,
    1400,
    1600,
    1800,
    2000,
    2200,
    2400,
    2600,
    2800,
    3000
  ],
  "train_loss_history": [
    2.788567543029785,
    2.374053478240967,
    2.287724256515503,
    2.283038854598999,
    2.2665650844573975,
    2.2624993324279785,
    2.2394826412200928,
    2.1755998134613037,
    2.1291069984436035,
    2.088510036468506,
    2.0983622074127197,
    2.0806758403778076,
    2.0846078395843506,
    2.094083309173584,
    2.074162244796753,
    2.080688953399658
  ],
  "val_loss_history": [
    2.7621614933013916,
    2.3890225887298584,
    2.28934907913208,
    2.2721598148345947,
    2.278247117996216,
    2.2616891860961914,
    2.238931655883789,
    2.1979148387908936,
    2.1459243297576904,
    2.1133346557617188,
    2.0881118774414062,
    2.0879101753234863,
    2.1070640087127686,
    2.11328125,
    2.086215019226074,
    2.0780420303344727
  ],
  "rule_error_history": [
    0.78125,
    0.8026315789473685,
    0.6842105263157895,
    0.6417910447761194,
    0.6776315789473685,
    0.6564885496183206,
    0.7185185185185186,
    0.7286821705426356,
    0.7407407407407407,
    0.752,
    0.7669172932330827,
    0.7183098591549296,
    0.808695652173913,
    0.7028985507246377,
    0.7265625,
    0.7666666666666667
  ],
  "model_config": {
    "n_embd": 2,
    "block_size": 12,
    "num_heads": 1,
    "head_size": 2
  },
  "eval_interval": 200
}