{
  "vocab_size": 11,
  "step": 200,
  "steps_for_plot": [
    0,
    200
  ],
  "train_loss_history": [
    2.527644157409668,
    2.08171010017395
  ],
  "val_loss_history": [
    2.542965888977051,
    2.1162397861480713
  ],
  "rule_error_history": [
    0.8426966292134831,
    0.8186813186813187
  ],
  "model_config": {
    "n_embd": 4,
    "block_size": 16,
    "num_heads": 1,
    "head_size": 4,
    "use_residual": true
  },
  "eval_interval": 200,
  "generated_sequences_e0": [
    [
      6,
      10,
      0,
      4,
      4,
      8,
      2,
      8,
      1,
      6,
      10,
      5,
      9,
      3,
      8,
      10,
      0,
      8,
      9,
      6,
      0,
      8,
      7,
      6,
      0,
      3,
      4,
      4,
      8,
      4,
      2,
      5,
      10,
      3,
      7,
      4,
      9,
      7,
      4,
      6,
      5,
      0,
      7,
      4,
      6,
      9,
      2,
      6,
      8,
      10,
      7,
      6,
      6,
      6,
      6,
      4,
      4,
      4
    ],
    [
      0,
      1,
      10,
      2,
      3,
      4,
      9,
      9,
      3,
      0,
      10,
      9,
      3,
      4,
      3,
      9,
      4,
      6,
      7,
      3,
      6,
      6,
      1,
      4,
      4,
      4,
      4,
      9,
      6,
      7,
      8,
      6,
      8,
      6,
      3,
      6,
      6,
      3,
      10,
      4,
      3,
      4,
      6,
      6,
      1,
      6,
      5,
      9,
      2,
      4,
      9,
      9,
      3,
      7,
      6
    ],
    [
      3,
      4,
      3,
      3,
      2,
      9,
      2,
      9,
      4,
      5,
      6,
      8,
      5,
      6,
      10,
      1,
      6,
      6,
      3,
      6,
      9,
      4,
      3,
      6,
      8,
      6,
      10,
      9,
      0,
      3,
      6,
      6,
      4,
      6,
      4,
      4,
      6,
      7,
      4,
      7,
      9,
      3,
      9,
      9,
      4,
      4,
      7,
      9,
      7,
      6,
      6
    ],
    [
      8,
      9,
      3,
      7,
      4,
      8,
      4,
      4,
      9,
      3,
      4,
      2,
      0,
      4,
      9,
      3,
      4,
      8,
      5,
      9,
      0,
      4,
      6,
      6,
      5,
      10,
      9,
      2,
      4,
      4,
      4,
      7,
      9,
      7,
      4,
      7,
      4,
      3,
      5,
      9,
      3,
      9,
      2,
      3,
      4,
      8,
      5,
      9,
      0,
      4,
      4
    ],
    [
      9,
      4,
      4,
      3,
      8,
      2,
      0,
      4,
      7,
      6,
      3,
      7,
      9,
      8,
      9,
      2,
      5,
      4,
      4,
      4,
      5,
      5,
      7,
      4,
      0,
      4,
      8,
      6,
      4,
      4,
      4,
      9,
      2,
      9,
      2,
      6,
      4,
      3,
      1,
      6,
      4,
      7,
      9,
      2,
      6,
      5,
      9,
      9,
      6,
      5
    ]
  ]
}