{
  "vocab_size": 11,
  "step": 15000,
  "steps_for_plot": [
    0,
    200,
    400,
    600,
    800,
    1000,
    1200,
    1400,
    1600,
    1800,
    2000,
    2200,
    2400,
    2600,
    2800,
    3000,
    3200,
    3400,
    3600,
    3800,
    4000,
    4200,
    4400,
    4600,
    4800,
    5000,
    5200,
    5400,
    5600,
    5800,
    6000,
    6200,
    6400,
    6600,
    6800,
    7000,
    7200,
    7400,
    7600,
    7800,
    8000,
    8200,
    8400,
    8600,
    8800,
    9000,
    9200,
    9400,
    9600,
    9800,
    10000,
    10200,
    10400,
    10600,
    10800,
    11000,
    11200,
    11400,
    11600,
    11800,
    12000,
    12200,
    12400,
    12600,
    12800,
    13000,
    13200,
    13400,
    13600,
    13800,
    14000,
    14200,
    14400,
    14600,
    14800,
    15000
  ],
  "train_loss_history": [
    2.6690380573272705,
    2.664567232131958,
    2.6404051780700684,
    2.60430908203125,
    2.580186128616333,
    2.5554614067077637,
    2.507503032684326,
    2.4600095748901367,
    2.4066262245178223,
    2.337045192718506,
    2.2705488204956055,
    2.2106027603149414,
    2.177198886871338,
    2.167743682861328,
    2.1418964862823486,
    2.120084285736084,
    2.10884690284729,
    2.0936107635498047,
    2.0622293949127197,
    2.050154209136963,
    2.0322349071502686,
    2.012197732925415,
    2.0053234100341797,
    1.9870631694793701,
    1.9785081148147583,
    1.9631201028823853,
    1.95597243309021,
    1.9501186609268188,
    1.9390355348587036,
    1.927780270576477,
    1.9338253736495972,
    1.9284188747406006,
    1.9336336851119995,
    1.931485652923584,
    1.9320253133773804,
    1.9361321926116943,
    1.9350981712341309,
    1.926296591758728,
    1.9295507669448853,
    1.9104971885681152,
    1.927049994468689,
    1.9193923473358154,
    1.9408527612686157,
    1.9247093200683594,
    1.9354844093322754,
    1.9184637069702148,
    1.929896354675293,
    1.923669695854187,
    1.9286586046218872,
    1.930409550666809,
    1.9293725490570068,
    1.9241042137145996,
    1.9138820171356201,
    1.9234058856964111,
    1.925695538520813,
    1.9179635047912598,
    1.929051399230957,
    1.9206817150115967,
    1.9234099388122559,
    1.9284132719039917,
    1.932154893875122,
    1.928871750831604,
    1.910986065864563,
    1.9211856126785278,
    1.9271817207336426,
    1.9208214282989502,
    1.9210532903671265,
    1.9198156595230103,
    1.9126715660095215,
    1.9232063293457031,
    1.9140746593475342,
    1.9093890190124512,
    1.9078587293624878,
    1.9063376188278198,
    1.906209111213684,
    1.9003986120224
  ],
  "val_loss_history": [
    2.666078805923462,
    2.650968551635742,
    2.6317574977874756,
    2.608607530593872,
    2.579050302505493,
    2.5467336177825928,
    2.507833480834961,
    2.464244842529297,
    2.4084465503692627,
    2.3448221683502197,
    2.275742769241333,
    2.2182514667510986,
    2.1804370880126953,
    2.1669647693634033,
    2.1478219032287598,
    2.124753475189209,
    2.112468957901001,
    2.0930440425872803,
    2.0723013877868652,
    2.0434460639953613,
    2.0348851680755615,
    2.030574083328247,
    1.989621639251709,
    2.002936363220215,
    1.978649616241455,
    1.954891324043274,
    1.9605743885040283,
    1.9498013257980347,
    1.9442938566207886,
    1.9455186128616333,
    1.9360030889511108,
    1.9317071437835693,
    1.9324066638946533,
    1.9438660144805908,
    1.9356436729431152,
    1.9336413145065308,
    1.9242781400680542,
    1.9320698976516724,
    1.946586012840271,
    1.9382896423339844,
    1.9291349649429321,
    1.9330204725265503,
    1.925756573677063,
    1.9149136543273926,
    1.923122763633728,
    1.9293583631515503,
    1.9384890794754028,
    1.9305742979049683,
    1.9362672567367554,
    1.940406084060669,
    1.9261969327926636,
    1.9396276473999023,
    1.933457612991333,
    1.9202061891555786,
    1.9222140312194824,
    1.9402642250061035,
    1.9351181983947754,
    1.9285426139831543,
    1.9227867126464844,
    1.9228187799453735,
    1.9198836088180542,
    1.9289780855178833,
    1.925119161605835,
    1.9182237386703491,
    1.9221415519714355,
    1.9180909395217896,
    1.916223168373108,
    1.9210503101348877,
    1.9227381944656372,
    1.921610713005066,
    1.9114372730255127,
    1.9213699102401733,
    1.9157180786132812,
    1.9075736999511719,
    1.9079676866531372,
    1.8935725688934326
  ],
  "rule_error_history": [
    0.9108910891089109,
    0.8545454545454545,
    0.8495575221238938,
    0.8671875,
    0.9153846153846154,
    0.8769230769230769,
    0.8387096774193549,
    0.8315217391304348,
    0.868421052631579,
    0.8363636363636363,
    0.8074534161490683,
    0.7941176470588235,
    0.83399209486166,
    0.8179916317991632,
    0.8302277432712215,
    0.8327205882352942,
    0.8181818181818182,
    0.8194207836456558,
    0.7794361525704809,
    0.7804878048780488,
    0.8137715179968701,
    0.8024502297090352,
    0.7962697274031564,
    0.7751937984496124,
    0.7890743550834598,
    0.7870503597122303,
    0.7943368107302533,
    0.7874617737003058,
    0.8028985507246377,
    0.7749648382559775,
    0.7680555555555556,
    0.7880886426592798,
    0.7776162790697675,
    0.7750716332378224,
    0.7794336810730254,
    0.7730496453900709,
    0.8120617110799438,
    0.7870090634441088,
    0.765379113018598,
    0.7926657263751763,
    0.7769679300291545,
    0.7907647907647908,
    0.7962697274031564,
    0.7872023809523809,
    0.7807637906647807,
    0.7805970149253731,
    0.753030303030303,
    0.7758369723435226,
    0.7903225806451613,
    0.7835926449787836,
    0.7848101265822784,
    0.7769985974754559,
    0.7547723935389133,
    0.8159771754636234,
    0.7733142037302726,
    0.7971428571428572,
    0.7977044476327116,
    0.7503782148260212,
    0.7612612612612613,
    0.7884892086330936,
    0.7625698324022346,
    0.7750362844702468,
    0.7682403433476395,
    0.7555555555555555,
    0.7688953488372093,
    0.7716312056737589,
    0.7659574468085106,
    0.7785515320334262,
    0.7779369627507163,
    0.7897727272727273,
    0.7612156295224313,
    0.7559274755927475,
    0.7593659942363112,
    0.7812041116005873,
    0.7493074792243767,
    0.7638266068759342
  ],
  "model_config": {
    "n_embd": 2,
    "block_size": 12,
    "num_heads": 1,
    "head_size": 2
  },
  "eval_interval": 200,