{
  "vocab_size": 4,
  "step": 800,
  "steps_for_plot": [
    0,
    200,
    400,
    600,
    800
  ],
  "train_loss_history": [
    1.732129693031311,
    1.243720293045044,
    0.9139953851699829,
    0.46194741129875183,
    0.2282460778951645
  ],
  "val_loss_history": [
    1.7262544631958008,
    1.2429497241973877,
    0.9005671739578247,
    0.46904850006103516,
    0.23026445508003235
  ],
  "rule_error_history": [
    0.8166666666666667,
    0.7466666666666667,
    0.6466666666666666,
    0.47833333333333333,
    0.365
  ],
  "model_config": {
    "n_embd": 2,
    "block_size": 16,
    "num_heads": 1,
    "head_size": 2
  },
  "eval_interval": 200
}