{
  "vocab_size": 11,
  "step": 2300,
  "steps_for_plot": [
    0,
    200,
    400,
    600,
    800,
    1000,
    1200,
    1400,
    1600,
    1800,
    2000,
    2200
  ],
  "train_loss_history": [
    2.4067389965057373,
    2.2838704586029053,
    2.1993660926818848,
    2.2035672664642334,
    2.2156195640563965,
    2.2017605304718018,
    2.1949474811553955,
    2.1573054790496826,
    2.1453027725219727,
    2.1142635345458984,
    2.150775671005249,
    2.0848617553710938
  ],
  "val_loss_history": [
    2.398946762084961,
    2.2533304691314697,
    2.213702440261841,
    2.2013301849365234,
    2.2120556831359863,
    2.1571691036224365,
    2.2023978233337402,
    2.155823230743408,
    2.134277105331421,
    2.1253058910369873,
    2.11611008644104,
    2.1047251224517822
  ],
  "rule_error_history": [
    0.9072164948453608,
    0.8717948717948718,
    0.8703703703703703,
    0.9391891891891891,
    0.8235294117647058,
    0.8881987577639752,
    0.9135802469135802,
    0.8834355828220859,
    0.8795180722891566,
    0.8642857142857143,
    0.8633540372670807,
    0.8987341772151899
  ],
  "model_config": {
    "n_embd": 2,
    "block_size": 8,
    "num_heads": 1,
    "head_size": 2,
    "use_residual": true
  },
  "eval_interval": 200,
  "generated_sequences_e0": [
    [
      3,
      1,
      7,
      0,
      1,
      7,
      4,
      7,
      6,
      8,
      8,
      0,
      9,
      2,
      8,
      7,
      8,
      5,
      7,
      9,
      9,
      7,
      7,
      3,
      2,
      2,
      1,
      6,
      1,
      4,
      9,
      0,
      10,
      8,
      2
    ],
    [
      4,
      2,
      3,
      2,
      0,
      7,
      9,
      2,
      1,
      7,
      9,
      9,
      3,
      5,
      3,
      0,
      1,
      2,
      7,
      6,
      2,
      0,
      3,
      7,
      9,
      5,
      2,
      7,
      5,
      9,
      4,
      9,
      8,
      5,
      2,
      4,
      7,
      0,
      4,
      6,
      8,
      5,
      4
    ],
    [
      6,
      1,
      8,
      2,
      0,
      3,
      10,
      5,
      8,
      8,
      1,
      2,
      7,
      7,
      9,
      7,
      8,
      7,
      2,
      0,
      7,
      9,
      3,
      6,
      5,
      1,
      4,
      10,
      5,
      2,
      2,
      10,
      7,
      7,
      4,
      5,
      6,
      1,
      6,
      7,
      1,
      2,
      1,
      1,
      8,
      2,
      0,
      9,
      4
    ],
    [
      5,
      10,
      10,
      4,
      9,
      7,
      0,
      9,
      7,
      7,
      1,
      10,
      2,
      1,
      10,
      1,
      0,
      7,
      9,
      9,
      2,
      3,
      0,
      6,
      1,
      5,
      10,
      9,
      3,
      2,
      1,
      4,
      7,
      2,
      1,
      4,
      6,
      4
    ],
    [
      8,
      2,
      9,
      3,
      1,
      10,
      4,
      2,
      4,
      2,
      2,
      4,
      5,
      2,
      5,
      7,
      3,
      7,
      7,
      3,
      2,
      8,
      7,
      4,
      10,
      7,
      7,
      1,
      7,
      9,
      6,
      2,
      4,
      7,
      1,
      2,
      0,
      10
    ]
  ]
}