{
  "vocab_size": 11,
  "step": 7700,
  "steps_for_plot": [
    0,
    200,
    400,
    600,
    800,
    1000,
    1200,
    1400,
    1600,
    1800,
    2000,
    2200,
    2400,
    2600,
    2800,
    3000,
    3200,
    3400,
    3600,
    3800,
    4000,
    4200,
    4400,
    4600,
    4800,
    5000,
    5200,
    5400,
    5600,
    5800,
    6000,
    6200,
    6400,
    6600,
    6800,
    7000,
    7200,
    7400,
    7600
  ],
  "train_loss_history": [
    2.527644157409668,
    2.08171010017395,
    1.9819320440292358,
    1.9865623712539673,
    1.9715732336044312,
    1.992043137550354,
    1.9250584840774536,
    1.9285832643508911,
    1.9202226400375366,
    1.8924354314804077,
    1.9145909547805786,
    1.9270988702774048,
    1.8947291374206543,
    1.9577194452285767,
    1.9488736391067505,
    1.915183663368225,
    1.9147119522094727,
    1.873815655708313,
    1.9257055521011353,
    1.948368787765503,
    1.9032222032546997,
    1.8799145221710205,
    1.8698047399520874,
    1.8673869371414185,
    1.9185415506362915,
    1.8719581365585327,
    1.8712754249572754,
    1.8568493127822876,
    1.8466813564300537,
    1.8811824321746826,
    1.8425825834274292,
    1.8600144386291504,
    1.8394595384597778,
    1.8532339334487915,
    1.8331730365753174,
    1.8061374425888062,
    1.7767590284347534,
    1.7980246543884277,
    1.7651056051254272
  ],
  "val_loss_history": [
    2.542965888977051,
    2.1162397861480713,
    2.014350175857544,
    2.006377935409546,
    1.977086067199707,
    1.9808944463729858,
    1.965714693069458,
    1.9918171167373657,
    1.9710478782653809,
    1.9826120138168335,
    1.9626978635787964,
    1.9568796157836914,
    1.9434040784835815,
    1.9422105550765991,
    1.9733991622924805,
    1.951892375946045,
    1.9546552896499634,
    1.9434762001037598,
    1.9509373903274536,
    1.9096816778182983,
    1.9337737560272217,
    1.9121512174606323,
    1.9165250062942505,
    1.923629879951477,
    1.9484971761703491,
    1.9056836366653442,
    1.903977870941162,
    1.8916735649108887,
    1.9086624383926392,
    1.877368450164795,
    1.8730970621109009,
    1.8674209117889404,
    1.8770452737808228,
    1.915023684501648,
    1.8924400806427002,
    1.8545840978622437,
    1.880376935005188,
    1.828016996383667,
    1.8553866147994995
  ],
  "rule_error_history": [
    0.8426966292134831,
    0.8186813186813187,
    0.8138528138528138,
    0.8221153846153846,
    0.7698412698412699,
    0.8436018957345972,
    0.7860082304526749,
    0.7317073170731707,
    0.8045454545454546,
    0.8199052132701422,
    0.7935779816513762,
    0.7366255144032922,
    0.7531914893617021,
    0.7793427230046949,
    0.7446808510638298,
    0.8349056603773585,
    0.8114035087719298,
    0.7336065573770492,
    0.8434343434343434,
    0.7847533632286996,
    0.7918552036199095,
    0.8,
    0.7393162393162394,
    0.7333333333333333,
    0.7489177489177489,
    0.7372881355932204,
    0.7706422018348624,
    0.6528925619834711,
    0.7086956521739131,
    0.7022222222222222,
    0.6637931034482759,
    0.7782805429864253,
    0.7586206896551724,
    0.7464788732394366,
    0.6486486486486487,
    0.6131687242798354,
    0.5541125541125541,
    0.6759259259259259,
    0.5173745173745173
  ],
  "model_config": {
    "n_embd": 4,
    "block_size": 16,
    "num_heads": 1,
    "head_size": 4,
    "use_residual": true
  },
  "eval_interval": 200,
  "generated_sequences_e0": [
    [
      6,
      10,
      0,
      4,
      4,
      8,
      2,
      8,
      1,
      6,
      10,
      5,
      9,
      3,
      8,
      10,
      0,
      8,
      9,
      6,
      0,
      8,
      7,
      6,
      0,
      3,
      4,
      4,
      8,
      4,
      2,
      5,
      10,
      3,
      7,
      4,
      9,
      7,
      4,
      6,
      5,
      0,
      7,
      4,
      6,
      9,
      2,
      6,
      8,
      10,
      7,
      6,
      6,
      6,
      6,
      4,
      4,
      4
    ],
    [
      0,
      1,
      10,
      2,
      3,
      4,
      9,
      9,
      3,
      0,
      10,
      9,
      3,
      4,
      3,
      9,
      4,
      6,
      7,
      3,
      6,
      6,
      1,
      4,
      4,
      4,
      4,
      9,
      6,
      7,
      8,
      6,
      8,
      6,
      3,
      6,
      6,
      3,
      10,
      4,
      3,
      4,
      6,
      6,
      1,
      6,
      5,
      9,
      2,
      4,
      9,
      9,
      3,
      7,
      6
    ],
    [
      3,
      4,
      3,
      3,
      2,
      9,
      2,
      9,
      4,
      5,
      6,
      8,
      5,
      6,
      10,
      1,
      6,
      6,
      3,
      6,
      9,
      4,
      3,
      6,
      8,
      6,
      10,
      9,
      0,
      3,
      6,
      6,
      4,
      6,
      4,
      4,
      6,
      7,
      4,
      7,
      9,
      3,
      9,
      9,
      4,
      4,
      7,
      9,
      7,
      6,
      6
    ],
    [
      8,
      9,
      3,
      7,
      4,
      8,
      4,
      4,
      9,
      3,
      4,
      2,
      0,
      4,
      9,
      3,
      4,
      8,
      5,
      9,
      0,
      4,
      6,
      6,
      5,
      10,
      9,
      2,
      4,
      4,
      4,
      7,
      9,
      7,
      4,
      7,
      4,
      3,
      5,
      9,
      3,
      9,
      2,
      3,
      4,
      8,
      5,
      9,
      0,
      4,
      4
    ],
    [
      9,
      4,
      4,
      3,
      8,
      2,
      0,
      4,
      7,
      6,
      3,
      7,
      9,
      8,
      9,
      2,
      5,
      4,
      4,
      4,
      5,
      5,
      7,
      4,
      0,
      4,
      8,
      6,
      4,
      4,
      4,
      9,
      2,
      9,
      2,
      6,
      4,
      3,
      1,
      6,
      4,
      7,
      9,
      2,
      6,
      5,
      9,
      9,
      6,
      5
    ]
  ]
}